match_index,time_seconds,team_name,paradigm,alive_agents,cumulative_eliminations,cumulative_accuracy,cumulative_win_rate,obstacle_count
10,0.1,Equipe 1,CTDE-VD,3,21,0.09722222222222222,0.2222222222222222,8
10,0.1,Equipe 2,CTDE-CAC,3,23,0.09349593495934959,0.4444444444444444,8
10,0.1,Equipe 3,CTDE-Comm,3,24,0.13559322033898305,0.3333333333333333,8
10,0.2,Equipe 1,CTDE-VD,3,21,0.0967741935483871,0.2222222222222222,8
10,0.2,Equipe 2,CTDE-CAC,3,23,0.0931174089068826,0.4444444444444444,8
10,0.2,Equipe 3,CTDE-Comm,3,24,0.1348314606741573,0.3333333333333333,8
10,0.3,Equipe 1,CTDE-VD,3,21,0.0967741935483871,0.2222222222222222,8
10,0.3,Equipe 2,CTDE-CAC,3,23,0.09274193548387097,0.4444444444444444,8
10,0.3,Equipe 3,CTDE-Comm,3,24,0.1348314606741573,0.3333333333333333,8
10,0.4,Equipe 1,CTDE-VD,3,21,0.0967741935483871,0.2222222222222222,8
10,0.4,Equipe 2,CTDE-CAC,3,23,0.09274193548387097,0.4444444444444444,8
10,0.4,Equipe 3,CTDE-Comm,3,24,0.1340782122905028,0.3333333333333333,8
10,0.5,Equipe 1,CTDE-VD,3,21,0.0967741935483871,0.2222222222222222,8
10,0.5,Equipe 2,CTDE-CAC,3,23,0.09274193548387097,0.4444444444444444,8
10,0.5,Equipe 3,CTDE-Comm,3,24,0.1340782122905028,0.3333333333333333,8
10,0.6,Equipe 1,CTDE-VD,3,21,0.0967741935483871,0.2222222222222222,8
10,0.6,Equipe 2,CTDE-CAC,3,23,0.09274193548387097,0.4444444444444444,8
10,0.6,Equipe 3,CTDE-Comm,3,24,0.13333333333333333,0.3333333333333333,8
10,0.7,Equipe 1,CTDE-VD,3,21,0.0967741935483871,0.2222222222222222,8
10,0.7,Equipe 2,CTDE-CAC,3,23,0.09274193548387097,0.4444444444444444,8
10,0.7,Equipe 3,CTDE-Comm,3,24,0.13333333333333333,0.3333333333333333,8
10,0.8,Equipe 1,CTDE-VD,3,21,0.0967741935483871,0.2222222222222222,8
10,0.8,Equipe 2,CTDE-CAC,3,23,0.09236947791164658,0.4444444444444444,8
10,0.8,Equipe 3,CTDE-Comm,3,24,0.13259668508287292,0.3333333333333333,8
10,0.9,Equipe 1,CTDE-VD,3,21,0.0963302752293578,0.2222222222222222,8
10,0.9,Equipe 2,CTDE-CAC,3,23,0.09236947791164658,0.4444444444444444,8
10,0.9,Equipe 3,CTDE-Comm,3,24,0.13259668508287292,0.3333333333333333,8
10,1.0,Equipe 1,CTDE-VD,3,21,0.0963302752293578,0.2222222222222222,8
10,1.0,Equipe 2,CTDE-CAC,3,23,0.09236947791164658,0.4444444444444444,8
10,1.0,Equipe 3,CTDE-Comm,3,24,0.13259668508287292,0.3333333333333333,8
10,1.1,Equipe 1,CTDE-VD,3,21,0.0963302752293578,0.2222222222222222,8
10,1.1,Equipe 2,CTDE-CAC,3,23,0.092,0.4444444444444444,8
10,1.1,Equipe 3,CTDE-Comm,3,24,0.13186813186813187,0.3333333333333333,8
10,1.2,Equipe 1,CTDE-VD,3,21,0.0963302752293578,0.2222222222222222,8
10,1.2,Equipe 2,CTDE-CAC,3,23,0.092,0.4444444444444444,8
10,1.2,Equipe 3,CTDE-Comm,3,24,0.13186813186813187,0.3333333333333333,8
10,1.3,Equipe 1,CTDE-VD,3,21,0.0963302752293578,0.2222222222222222,8
10,1.3,Equipe 2,CTDE-CAC,3,23,0.092,0.4444444444444444,8
10,1.3,Equipe 3,CTDE-Comm,3,24,0.13186813186813187,0.3333333333333333,8
10,1.4,Equipe 1,CTDE-VD,3,21,0.0958904109589041,0.2222222222222222,8
10,1.4,Equipe 2,CTDE-CAC,3,23,0.09163346613545817,0.4444444444444444,8
10,1.4,Equipe 3,CTDE-Comm,3,24,0.13043478260869565,0.3333333333333333,8
10,1.5,Equipe 1,CTDE-VD,3,21,0.0958904109589041,0.2222222222222222,8
10,1.5,Equipe 2,CTDE-CAC,3,23,0.09163346613545817,0.4444444444444444,8
10,1.5,Equipe 3,CTDE-Comm,3,24,0.13043478260869565,0.3333333333333333,8
10,1.6,Equipe 1,CTDE-VD,3,21,0.0958904109589041,0.2222222222222222,8
10,1.6,Equipe 2,CTDE-CAC,3,23,0.09163346613545817,0.4444444444444444,8
10,1.6,Equipe 3,CTDE-Comm,3,24,0.13043478260869565,0.3333333333333333,8
10,1.7,Equipe 1,CTDE-VD,3,21,0.0958904109589041,0.2222222222222222,8
10,1.7,Equipe 2,CTDE-CAC,3,23,0.09126984126984126,0.4444444444444444,8
10,1.7,Equipe 3,CTDE-Comm,3,24,0.13043478260869565,0.3333333333333333,8
10,1.8,Equipe 1,CTDE-VD,3,21,0.0958904109589041,0.2222222222222222,8
10,1.8,Equipe 2,CTDE-CAC,3,23,0.09090909090909091,0.4444444444444444,8
10,1.8,Equipe 3,CTDE-Comm,3,24,0.12972972972972974,0.3333333333333333,8
10,1.9,Equipe 1,CTDE-VD,3,21,0.0958904109589041,0.2222222222222222,8
10,1.9,Equipe 2,CTDE-CAC,3,23,0.09090909090909091,0.4444444444444444,8
10,1.9,Equipe 3,CTDE-Comm,3,24,0.12972972972972974,0.3333333333333333,8
10,2.0,Equipe 1,CTDE-VD,3,21,0.0958904109589041,0.2222222222222222,8
10,2.0,Equipe 2,CTDE-CAC,3,23,0.09090909090909091,0.4444444444444444,8
10,2.0,Equipe 3,CTDE-Comm,3,24,0.12903225806451613,0.3333333333333333,8
10,2.1,Equipe 1,CTDE-VD,3,21,0.0958904109589041,0.2222222222222222,8
10,2.1,Equipe 2,CTDE-CAC,3,23,0.09055118110236221,0.4444444444444444,8
10,2.1,Equipe 3,CTDE-Comm,3,24,0.12834224598930483,0.3333333333333333,8
10,2.2,Equipe 1,CTDE-VD,3,21,0.0958904109589041,0.2222222222222222,8
10,2.2,Equipe 2,CTDE-CAC,3,23,0.09019607843137255,0.4444444444444444,8
10,2.2,Equipe 3,CTDE-Comm,3,24,0.12834224598930483,0.3333333333333333,8
10,2.3,Equipe 1,CTDE-VD,3,21,0.0958904109589041,0.2222222222222222,8
10,2.3,Equipe 2,CTDE-CAC,3,24,0.09375,0.4444444444444444,8
10,2.3,Equipe 3,CTDE-Comm,2,24,0.12834224598930483,0.3333333333333333,8
10,2.4,Equipe 1,CTDE-VD,3,21,0.0958904109589041,0.2222222222222222,8
10,2.4,Equipe 2,CTDE-CAC,3,24,0.09375,0.4444444444444444,8
10,2.4,Equipe 3,CTDE-Comm,2,24,0.12834224598930483,0.3333333333333333,8
10,2.5,Equipe 1,CTDE-VD,3,21,0.0958904109589041,0.2222222222222222,8
10,2.5,Equipe 2,CTDE-CAC,3,24,0.09375,0.4444444444444444,8
10,2.5,Equipe 3,CTDE-Comm,2,24,0.12834224598930483,0.3333333333333333,8
10,2.6,Equipe 1,CTDE-VD,3,21,0.09545454545454546,0.2222222222222222,8
10,2.6,Equipe 2,CTDE-CAC,3,24,0.0933852140077821,0.4444444444444444,8
10,2.6,Equipe 3,CTDE-Comm,2,24,0.12834224598930483,0.3333333333333333,8
10,2.7,Equipe 1,CTDE-VD,3,21,0.09545454545454546,0.2222222222222222,8
10,2.7,Equipe 2,CTDE-CAC,3,24,0.0933852140077821,0.4444444444444444,8
10,2.7,Equipe 3,CTDE-Comm,2,24,0.1276595744680851,0.3333333333333333,8
10,2.8,Equipe 1,CTDE-VD,3,21,0.09545454545454546,0.2222222222222222,8
10,2.8,Equipe 2,CTDE-CAC,3,24,0.0933852140077821,0.4444444444444444,8
10,2.8,Equipe 3,CTDE-Comm,2,24,0.12698412698412698,0.3333333333333333,8
10,2.9,Equipe 1,CTDE-VD,3,21,0.09502262443438914,0.2222222222222222,8
10,2.9,Equipe 2,CTDE-CAC,3,24,0.0933852140077821,0.4444444444444444,8
10,2.9,Equipe 3,CTDE-Comm,2,24,0.12698412698412698,0.3333333333333333,8
10,3.0,Equipe 1,CTDE-VD,3,21,0.09502262443438914,0.2222222222222222,8
10,3.0,Equipe 2,CTDE-CAC,3,24,0.0933852140077821,0.4444444444444444,8
10,3.0,Equipe 3,CTDE-Comm,2,24,0.12698412698412698,0.3333333333333333,8
10,3.1,Equipe 1,CTDE-VD,3,21,0.09502262443438914,0.2222222222222222,8
10,3.1,Equipe 2,CTDE-CAC,3,24,0.09266409266409266,0.4444444444444444,8
10,3.1,Equipe 3,CTDE-Comm,2,24,0.12698412698412698,0.3333333333333333,8
10,3.2,Equipe 1,CTDE-VD,3,21,0.09502262443438914,0.2222222222222222,8
10,3.2,Equipe 2,CTDE-CAC,2,24,0.09266409266409266,0.4444444444444444,8
10,3.2,Equipe 3,CTDE-Comm,2,25,0.13157894736842105,0.3333333333333333,8
10,3.3,Equipe 1,CTDE-VD,3,21,0.09502262443438914,0.2222222222222222,8
10,3.3,Equipe 2,CTDE-CAC,2,24,0.09266409266409266,0.4444444444444444,8
10,3.3,Equipe 3,CTDE-Comm,2,25,0.13089005235602094,0.3333333333333333,8
10,3.4,Equipe 1,CTDE-VD,3,21,0.09502262443438914,0.2222222222222222,8
10,3.4,Equipe 2,CTDE-CAC,2,24,0.09266409266409266,0.4444444444444444,8
10,3.4,Equipe 3,CTDE-Comm,2,25,0.13089005235602094,0.3333333333333333,8
10,3.5,Equipe 1,CTDE-VD,2,21,0.0945945945945946,0.2222222222222222,8
10,3.5,Equipe 2,CTDE-CAC,2,25,0.09615384615384616,0.4444444444444444,8
10,3.5,Equipe 3,CTDE-Comm,2,25,0.13089005235602094,0.3333333333333333,8
10,3.6,Equipe 1,CTDE-VD,2,21,0.0945945945945946,0.2222222222222222,8
10,3.6,Equipe 2,CTDE-CAC,2,25,0.09615384615384616,0.4444444444444444,8
10,3.6,Equipe 3,CTDE-Comm,2,25,0.13089005235602094,0.3333333333333333,8
10,3.7,Equipe 1,CTDE-VD,2,21,0.0945945945945946,0.2222222222222222,8
10,3.7,Equipe 2,CTDE-CAC,2,25,0.09615384615384616,0.4444444444444444,8
10,3.7,Equipe 3,CTDE-Comm,2,25,0.13089005235602094,0.3333333333333333,8
10,3.8,Equipe 1,CTDE-VD,2,21,0.0945945945945946,0.2222222222222222,8
10,3.8,Equipe 2,CTDE-CAC,2,25,0.09615384615384616,0.4444444444444444,8
10,3.8,Equipe 3,CTDE-Comm,2,25,0.13089005235602094,0.3333333333333333,8
10,3.9,Equipe 1,CTDE-VD,2,21,0.0945945945945946,0.2222222222222222,8
10,3.9,Equipe 2,CTDE-CAC,2,25,0.09615384615384616,0.4444444444444444,8
10,3.9,Equipe 3,CTDE-Comm,2,25,0.12953367875647667,0.3333333333333333,8
10,4.0,Equipe 1,CTDE-VD,2,21,0.0945945945945946,0.2222222222222222,8
10,4.0,Equipe 2,CTDE-CAC,2,25,0.09615384615384616,0.4444444444444444,8
10,4.0,Equipe 3,CTDE-Comm,2,25,0.12953367875647667,0.3333333333333333,8
10,4.1,Equipe 1,CTDE-VD,2,21,0.0945945945945946,0.2222222222222222,8
10,4.1,Equipe 2,CTDE-CAC,2,25,0.09615384615384616,0.4444444444444444,8
10,4.1,Equipe 3,CTDE-Comm,2,25,0.12953367875647667,0.3333333333333333,8
10,4.2,Equipe 1,CTDE-VD,2,21,0.0945945945945946,0.2222222222222222,8
10,4.2,Equipe 2,CTDE-CAC,2,25,0.09615384615384616,0.4444444444444444,8
10,4.2,Equipe 3,CTDE-Comm,2,25,0.12953367875647667,0.3333333333333333,8
10,4.3,Equipe 1,CTDE-VD,2,21,0.0945945945945946,0.2222222222222222,8
10,4.3,Equipe 2,CTDE-CAC,2,25,0.09615384615384616,0.4444444444444444,8
10,4.3,Equipe 3,CTDE-Comm,2,25,0.12953367875647667,0.3333333333333333,8
10,4.4,Equipe 1,CTDE-VD,2,21,0.0945945945945946,0.2222222222222222,8
10,4.4,Equipe 2,CTDE-CAC,2,25,0.09578544061302682,0.4444444444444444,8
10,4.4,Equipe 3,CTDE-Comm,2,25,0.12953367875647667,0.3333333333333333,8
10,4.5,Equipe 1,CTDE-VD,2,21,0.0945945945945946,0.2222222222222222,8
10,4.5,Equipe 2,CTDE-CAC,2,25,0.09578544061302682,0.4444444444444444,8
10,4.5,Equipe 3,CTDE-Comm,2,25,0.12953367875647667,0.3333333333333333,8
10,4.6,Equipe 1,CTDE-VD,2,21,0.0945945945945946,0.2222222222222222,8
10,4.6,Equipe 2,CTDE-CAC,2,25,0.09578544061302682,0.4444444444444444,8
10,4.6,Equipe 3,CTDE-Comm,2,25,0.12886597938144329,0.3333333333333333,8
10,4.7,Equipe 1,CTDE-VD,2,21,0.09417040358744394,0.2222222222222222,8
10,4.7,Equipe 2,CTDE-CAC,2,25,0.09578544061302682,0.4444444444444444,8
10,4.7,Equipe 3,CTDE-Comm,2,25,0.1282051282051282,0.3333333333333333,8
10,4.8,Equipe 1,CTDE-VD,2,21,0.09375,0.2222222222222222,8
10,4.8,Equipe 2,CTDE-CAC,2,25,0.09578544061302682,0.4444444444444444,8
10,4.8,Equipe 3,CTDE-Comm,2,25,0.1282051282051282,0.3333333333333333,8
10,4.9,Equipe 1,CTDE-VD,2,21,0.09375,0.2222222222222222,8
10,4.9,Equipe 2,CTDE-CAC,2,25,0.09541984732824428,0.4444444444444444,8
10,4.9,Equipe 3,CTDE-Comm,2,25,0.1282051282051282,0.3333333333333333,8
10,5.0,Equipe 1,CTDE-VD,2,21,0.09375,0.2222222222222222,8
10,5.0,Equipe 2,CTDE-CAC,2,25,0.09541984732824428,0.4444444444444444,8
10,5.0,Equipe 3,CTDE-Comm,2,25,0.1282051282051282,0.3333333333333333,8
10,5.1,Equipe 1,CTDE-VD,2,21,0.09375,0.2222222222222222,8
10,5.1,Equipe 2,CTDE-CAC,2,25,0.09505703422053231,0.4444444444444444,8
10,5.1,Equipe 3,CTDE-Comm,2,25,0.1282051282051282,0.3333333333333333,8
10,5.2,Equipe 1,CTDE-VD,2,21,0.09375,0.2222222222222222,8
10,5.2,Equipe 2,CTDE-CAC,2,25,0.09505703422053231,0.4444444444444444,8
10,5.2,Equipe 3,CTDE-Comm,2,25,0.1282051282051282,0.3333333333333333,8
10,5.3,Equipe 1,CTDE-VD,2,21,0.09375,0.2222222222222222,8
10,5.3,Equipe 2,CTDE-CAC,2,25,0.09505703422053231,0.4444444444444444,8
10,5.3,Equipe 3,CTDE-Comm,2,25,0.1282051282051282,0.3333333333333333,8
10,5.4,Equipe 1,CTDE-VD,1,21,0.09375,0.2222222222222222,8
10,5.4,Equipe 2,CTDE-CAC,2,26,0.09848484848484848,0.4444444444444444,8
10,5.4,Equipe 3,CTDE-Comm,2,25,0.1282051282051282,0.3333333333333333,8
10,5.5,Equipe 1,CTDE-VD,1,21,0.09375,0.2222222222222222,8
10,5.5,Equipe 2,CTDE-CAC,2,26,0.09848484848484848,0.4444444444444444,8
10,5.5,Equipe 3,CTDE-Comm,2,25,0.12755102040816327,0.3333333333333333,8
10,5.6,Equipe 1,CTDE-VD,1,21,0.09292035398230089,0.2222222222222222,8
10,5.6,Equipe 2,CTDE-CAC,2,26,0.09848484848484848,0.4444444444444444,8
10,5.6,Equipe 3,CTDE-Comm,2,25,0.12755102040816327,0.3333333333333333,8
10,5.7,Equipe 1,CTDE-VD,1,21,0.09292035398230089,0.2222222222222222,8
10,5.7,Equipe 2,CTDE-CAC,2,26,0.09848484848484848,0.4444444444444444,8
10,5.7,Equipe 3,CTDE-Comm,2,25,0.12755102040816327,0.3333333333333333,8
10,5.8,Equipe 1,CTDE-VD,1,21,0.09292035398230089,0.2222222222222222,8
10,5.8,Equipe 2,CTDE-CAC,2,26,0.09811320754716982,0.4444444444444444,8
10,5.8,Equipe 3,CTDE-Comm,2,25,0.12690355329949238,0.3333333333333333,8
10,5.9,Equipe 1,CTDE-VD,1,21,0.09292035398230089,0.2222222222222222,8
10,5.9,Equipe 2,CTDE-CAC,2,26,0.09811320754716982,0.4444444444444444,8
10,5.9,Equipe 3,CTDE-Comm,2,25,0.12690355329949238,0.3333333333333333,8
10,6.0,Equipe 1,CTDE-VD,1,21,0.09292035398230089,0.2222222222222222,8
10,6.0,Equipe 2,CTDE-CAC,2,26,0.09774436090225563,0.4444444444444444,8
10,6.0,Equipe 3,CTDE-Comm,2,25,0.12690355329949238,0.3333333333333333,8
10,6.1,Equipe 1,CTDE-VD,1,21,0.09292035398230089,0.2222222222222222,8
10,6.1,Equipe 2,CTDE-CAC,2,26,0.09774436090225563,0.4444444444444444,8
10,6.1,Equipe 3,CTDE-Comm,2,25,0.12626262626262627,0.3333333333333333,8
10,6.2,Equipe 1,CTDE-VD,1,21,0.09292035398230089,0.2222222222222222,8
10,6.2,Equipe 2,CTDE-CAC,2,26,0.09774436090225563,0.4444444444444444,8
10,6.2,Equipe 3,CTDE-Comm,2,25,0.12626262626262627,0.3333333333333333,8
10,6.3,Equipe 1,CTDE-VD,1,21,0.09292035398230089,0.2222222222222222,8
10,6.3,Equipe 2,CTDE-CAC,2,26,0.09774436090225563,0.4444444444444444,8
10,6.3,Equipe 3,CTDE-Comm,2,25,0.12562814070351758,0.3333333333333333,8
10,6.4,Equipe 1,CTDE-VD,1,21,0.09292035398230089,0.2222222222222222,8
10,6.4,Equipe 2,CTDE-CAC,2,27,0.10112359550561797,0.4444444444444444,8
10,6.4,Equipe 3,CTDE-Comm,1,25,0.12562814070351758,0.3333333333333333,8
10,6.5,Equipe 1,CTDE-VD,1,21,0.09251101321585903,0.2222222222222222,8
10,6.5,Equipe 2,CTDE-CAC,2,27,0.10112359550561797,0.4444444444444444,8
10,6.5,Equipe 3,CTDE-Comm,1,25,0.12562814070351758,0.3333333333333333,8
10,6.6,Equipe 1,CTDE-VD,0,21,0.09251101321585903,0.2222222222222222,8
10,6.6,Equipe 2,CTDE-CAC,2,28,0.1044776119402985,0.4444444444444444,8
10,6.6,Equipe 3,CTDE-Comm,1,25,0.12562814070351758,0.3333333333333333,8
10,6.7,Equipe 1,CTDE-VD,0,21,0.09251101321585903,0.2222222222222222,8
10,6.7,Equipe 2,CTDE-CAC,2,28,0.1044776119402985,0.4444444444444444,8
10,6.7,Equipe 3,CTDE-Comm,1,25,0.12562814070351758,0.3333333333333333,8
10,6.8,Equipe 1,CTDE-VD,0,21,0.09251101321585903,0.2222222222222222,8
10,6.8,Equipe 2,CTDE-CAC,1,28,0.1044776119402985,0.4444444444444444,8
10,6.8,Equipe 3,CTDE-Comm,1,26,0.13,0.3333333333333333,8
10,6.9,Equipe 1,CTDE-VD,0,21,0.09251101321585903,0.2222222222222222,8
10,6.9,Equipe 2,CTDE-CAC,1,28,0.1044776119402985,0.4444444444444444,8
10,6.9,Equipe 3,CTDE-Comm,1,26,0.13,0.3333333333333333,8
10,7.0,Equipe 1,CTDE-VD,0,21,0.09251101321585903,0.2222222222222222,8
10,7.0,Equipe 2,CTDE-CAC,1,28,0.1044776119402985,0.4444444444444444,8
10,7.0,Equipe 3,CTDE-Comm,1,26,0.13,0.3333333333333333,8
10,7.1,Equipe 1,CTDE-VD,0,21,0.09251101321585903,0.2222222222222222,8
10,7.1,Equipe 2,CTDE-CAC,1,28,0.1044776119402985,0.4444444444444444,8
10,7.1,Equipe 3,CTDE-Comm,1,26,0.13,0.3333333333333333,8
10,7.2,Equipe 1,CTDE-VD,0,21,0.09251101321585903,0.2222222222222222,8
10,7.2,Equipe 2,CTDE-CAC,1,28,0.1044776119402985,0.4444444444444444,8
10,7.2,Equipe 3,CTDE-Comm,1,26,0.13,0.3333333333333333,8
10,7.3,Equipe 1,CTDE-VD,0,21,0.09251101321585903,0.2222222222222222,8
10,7.3,Equipe 2,CTDE-CAC,1,28,0.1044776119402985,0.4444444444444444,8
10,7.3,Equipe 3,CTDE-Comm,1,26,0.13,0.3333333333333333,8
10,7.4,Equipe 1,CTDE-VD,0,21,0.09251101321585903,0.2222222222222222,8
10,7.4,Equipe 2,CTDE-CAC,1,28,0.1044776119402985,0.4444444444444444,8
10,7.4,Equipe 3,CTDE-Comm,1,26,0.13,0.3333333333333333,8
10,7.5,Equipe 1,CTDE-VD,0,21,0.09251101321585903,0.2222222222222222,8
10,7.5,Equipe 2,CTDE-CAC,1,28,0.1044776119402985,0.4444444444444444,8
10,7.5,Equipe 3,CTDE-Comm,1,26,0.13,0.3333333333333333,8
10,7.6,Equipe 1,CTDE-VD,0,21,0.09251101321585903,0.2222222222222222,8
10,7.6,Equipe 2,CTDE-CAC,1,28,0.1044776119402985,0.4444444444444444,8
10,7.6,Equipe 3,CTDE-Comm,1,26,0.13,0.3333333333333333,8
10,7.7,Equipe 1,CTDE-VD,0,21,0.09251101321585903,0.2222222222222222,8
10,7.7,Equipe 2,CTDE-CAC,1,28,0.1044776119402985,0.4444444444444444,8
10,7.7,Equipe 3,CTDE-Comm,1,26,0.13,0.3333333333333333,8
10,7.8,Equipe 1,CTDE-VD,0,21,0.09251101321585903,0.2222222222222222,8
10,7.8,Equipe 2,CTDE-CAC,1,28,0.1044776119402985,0.4444444444444444,8
10,7.8,Equipe 3,CTDE-Comm,1,26,0.13,0.3333333333333333,8
10,7.9,Equipe 1,CTDE-VD,0,21,0.09251101321585903,0.2222222222222222,8
10,7.9,Equipe 2,CTDE-CAC,1,28,0.1044776119402985,0.4444444444444444,8
10,7.9,Equipe 3,CTDE-Comm,1,26,0.13,0.3333333333333333,8
10,8.0,Equipe 1,CTDE-VD,0,21,0.09251101321585903,0.2222222222222222,8
10,8.0,Equipe 2,CTDE-CAC,1,28,0.1044776119402985,0.4444444444444444,8
10,8.0,Equipe 3,CTDE-Comm,1,26,0.13,0.3333333333333333,8
10,8.1,Equipe 1,CTDE-VD,0,21,0.09251101321585903,0.2222222222222222,8
10,8.1,Equipe 2,CTDE-CAC,1,28,0.1044776119402985,0.4444444444444444,8
10,8.1,Equipe 3,CTDE-Comm,1,26,0.13,0.3333333333333333,8
10,8.2,Equipe 1,CTDE-VD,0,21,0.09251101321585903,0.2222222222222222,8
10,8.2,Equipe 2,CTDE-CAC,1,28,0.1044776119402985,0.4444444444444444,8
10,8.2,Equipe 3,CTDE-Comm,1,26,0.13,0.3333333333333333,8
10,8.3,Equipe 1,CTDE-VD,0,21,0.09251101321585903,0.2222222222222222,8
10,8.3,Equipe 2,CTDE-CAC,1,28,0.1044776119402985,0.4444444444444444,8
10,8.3,Equipe 3,CTDE-Comm,1,26,0.13,0.3333333333333333,8
10,8.4,Equipe 1,CTDE-VD,0,21,0.09251101321585903,0.2222222222222222,8
10,8.4,Equipe 2,CTDE-CAC,1,28,0.1044776119402985,0.4444444444444444,8
10,8.4,Equipe 3,CTDE-Comm,1,26,0.13,0.3333333333333333,8
10,8.5,Equipe 1,CTDE-VD,0,21,0.09251101321585903,0.2222222222222222,8
10,8.5,Equipe 2,CTDE-CAC,1,28,0.1044776119402985,0.4444444444444444,8
10,8.5,Equipe 3,CTDE-Comm,1,26,0.13,0.3333333333333333,8
10,8.6,Equipe 1,CTDE-VD,0,21,0.09251101321585903,0.2222222222222222,8
10,8.6,Equipe 2,CTDE-CAC,1,28,0.1044776119402985,0.4444444444444444,8
10,8.6,Equipe 3,CTDE-Comm,1,26,0.13,0.3333333333333333,8
10,8.7,Equipe 1,CTDE-VD,0,21,0.09251101321585903,0.2222222222222222,8
10,8.7,Equipe 2,CTDE-CAC,1,28,0.1044776119402985,0.4444444444444444,8
10,8.7,Equipe 3,CTDE-Comm,1,26,0.13,0.3333333333333333,8
10,8.8,Equipe 1,CTDE-VD,0,21,0.09251101321585903,0.2222222222222222,8
10,8.8,Equipe 2,CTDE-CAC,1,28,0.1044776119402985,0.4444444444444444,8
10,8.8,Equipe 3,CTDE-Comm,1,26,0.13,0.3333333333333333,8
10,8.9,Equipe 1,CTDE-VD,0,21,0.09251101321585903,0.2222222222222222,8
10,8.9,Equipe 2,CTDE-CAC,1,28,0.1044776119402985,0.4444444444444444,8
10,8.9,Equipe 3,CTDE-Comm,1,26,0.13,0.3333333333333333,8
10,9.0,Equipe 1,CTDE-VD,0,21,0.09251101321585903,0.2222222222222222,8
10,9.0,Equipe 2,CTDE-CAC,1,28,0.1044776119402985,0.4444444444444444,8
10,9.0,Equipe 3,CTDE-Comm,1,26,0.13,0.3333333333333333,8
10,9.1,Equipe 1,CTDE-VD,0,21,0.09251101321585903,0.2222222222222222,8
10,9.1,Equipe 2,CTDE-CAC,1,28,0.1044776119402985,0.4444444444444444,8
10,9.1,Equipe 3,CTDE-Comm,1,26,0.13,0.3333333333333333,8
10,9.2,Equipe 1,CTDE-VD,0,21,0.09251101321585903,0.2222222222222222,8
10,9.2,Equipe 2,CTDE-CAC,1,28,0.1044776119402985,0.4444444444444444,8
10,9.2,Equipe 3,CTDE-Comm,1,26,0.13,0.3333333333333333,8
10,9.3,Equipe 1,CTDE-VD,0,21,0.09251101321585903,0.2222222222222222,8
10,9.3,Equipe 2,CTDE-CAC,1,28,0.1044776119402985,0.4444444444444444,8
10,9.3,Equipe 3,CTDE-Comm,1,26,0.13,0.3333333333333333,8
10,9.4,Equipe 1,CTDE-VD,0,21,0.09251101321585903,0.2222222222222222,8
10,9.4,Equipe 2,CTDE-CAC,1,28,0.1044776119402985,0.4444444444444444,8
10,9.4,Equipe 3,CTDE-Comm,1,26,0.13,0.3333333333333333,8
10,9.5,Equipe 1,CTDE-VD,0,21,0.09251101321585903,0.2222222222222222,8
10,9.5,Equipe 2,CTDE-CAC,1,28,0.1044776119402985,0.4444444444444444,8
10,9.5,Equipe 3,CTDE-Comm,1,26,0.13,0.3333333333333333,8
10,9.6,Equipe 1,CTDE-VD,0,21,0.09251101321585903,0.2222222222222222,8
10,9.6,Equipe 2,CTDE-CAC,1,28,0.1044776119402985,0.4444444444444444,8
10,9.6,Equipe 3,CTDE-Comm,1,26,0.13,0.3333333333333333,8
10,9.7,Equipe 1,CTDE-VD,0,21,0.09251101321585903,0.2222222222222222,8
10,9.7,Equipe 2,CTDE-CAC,1,28,0.1044776119402985,0.4444444444444444,8
10,9.7,Equipe 3,CTDE-Comm,1,26,0.13,0.3333333333333333,8
10,9.8,Equipe 1,CTDE-VD,0,21,0.09251101321585903,0.2222222222222222,8
10,9.8,Equipe 2,CTDE-CAC,1,28,0.1044776119402985,0.4444444444444444,8
10,9.8,Equipe 3,CTDE-Comm,1,26,0.13,0.3333333333333333,8
10,9.9,Equipe 1,CTDE-VD,0,21,0.09251101321585903,0.2222222222222222,8
10,9.9,Equipe 2,CTDE-CAC,1,28,0.1044776119402985,0.4444444444444444,8
10,9.9,Equipe 3,CTDE-Comm,1,26,0.13,0.3333333333333333,8
10,10.0,Equipe 1,CTDE-VD,0,21,0.09251101321585903,0.2222222222222222,8
10,10.0,Equipe 2,CTDE-CAC,1,28,0.1044776119402985,0.4444444444444444,8
10,10.0,Equipe 3,CTDE-Comm,1,26,0.13,0.3333333333333333,8
10,10.1,Equipe 1,CTDE-VD,0,21,0.09251101321585903,0.2222222222222222,8
10,10.1,Equipe 2,CTDE-CAC,1,28,0.1044776119402985,0.4444444444444444,8
10,10.1,Equipe 3,CTDE-Comm,1,26,0.13,0.3333333333333333,8
10,10.2,Equipe 1,CTDE-VD,0,21,0.09251101321585903,0.2222222222222222,8
10,10.2,Equipe 2,CTDE-CAC,1,28,0.1044776119402985,0.4444444444444444,8
10,10.2,Equipe 3,CTDE-Comm,1,26,0.13,0.3333333333333333,8
10,10.3,Equipe 1,CTDE-VD,0,21,0.09251101321585903,0.2222222222222222,8
10,10.3,Equipe 2,CTDE-CAC,1,28,0.1044776119402985,0.4444444444444444,8
10,10.3,Equipe 3,CTDE-Comm,1,26,0.13,0.3333333333333333,8
10,10.4,Equipe 1,CTDE-VD,0,21,0.09251101321585903,0.2222222222222222,8
10,10.4,Equipe 2,CTDE-CAC,1,28,0.1044776119402985,0.4444444444444444,8
10,10.4,Equipe 3,CTDE-Comm,1,26,0.13,0.3333333333333333,8
10,10.5,Equipe 1,CTDE-VD,0,21,0.09251101321585903,0.2222222222222222,8
10,10.5,Equipe 2,CTDE-CAC,1,28,0.1044776119402985,0.4444444444444444,8
10,10.5,Equipe 3,CTDE-Comm,1,26,0.13,0.3333333333333333,8
10,10.6,Equipe 1,CTDE-VD,0,21,0.09251101321585903,0.2222222222222222,8
10,10.6,Equipe 2,CTDE-CAC,1,28,0.1044776119402985,0.4444444444444444,8
10,10.6,Equipe 3,CTDE-Comm,1,26,0.13,0.3333333333333333,8
10,10.7,Equipe 1,CTDE-VD,0,21,0.09251101321585903,0.2222222222222222,8
10,10.7,Equipe 2,CTDE-CAC,1,28,0.1044776119402985,0.4444444444444444,8
10,10.7,Equipe 3,CTDE-Comm,1,26,0.13,0.3333333333333333,8
10,10.8,Equipe 1,CTDE-VD,0,21,0.09251101321585903,0.2222222222222222,8
10,10.8,Equipe 2,CTDE-CAC,1,28,0.1044776119402985,0.4444444444444444,8
10,10.8,Equipe 3,CTDE-Comm,1,26,0.13,0.3333333333333333,8
10,10.9,Equipe 1,CTDE-VD,0,21,0.09251101321585903,0.2222222222222222,8
10,10.9,Equipe 2,CTDE-CAC,1,28,0.1044776119402985,0.4444444444444444,8
10,10.9,Equipe 3,CTDE-Comm,1,26,0.13,0.3333333333333333,8
10,11.0,Equipe 1,CTDE-VD,0,21,0.09251101321585903,0.2222222222222222,8
10,11.0,Equipe 2,CTDE-CAC,1,28,0.1044776119402985,0.4444444444444444,8
10,11.0,Equipe 3,CTDE-Comm,1,26,0.13,0.3333333333333333,8
10,11.1,Equipe 1,CTDE-VD,0,21,0.09251101321585903,0.2222222222222222,8
10,11.1,Equipe 2,CTDE-CAC,1,28,0.1044776119402985,0.4444444444444444,8
10,11.1,Equipe 3,CTDE-Comm,1,26,0.13,0.3333333333333333,8
10,11.2,Equipe 1,CTDE-VD,0,21,0.09251101321585903,0.2222222222222222,8
10,11.2,Equipe 2,CTDE-CAC,1,28,0.1044776119402985,0.4444444444444444,8
10,11.2,Equipe 3,CTDE-Comm,1,26,0.13,0.3333333333333333,8
10,11.3,Equipe 1,CTDE-VD,0,21,0.09251101321585903,0.2222222222222222,8
10,11.3,Equipe 2,CTDE-CAC,1,28,0.1044776119402985,0.4444444444444444,8
10,11.3,Equipe 3,CTDE-Comm,1,26,0.13,0.3333333333333333,8
10,11.4,Equipe 1,CTDE-VD,0,21,0.09251101321585903,0.2222222222222222,8
10,11.4,Equipe 2,CTDE-CAC,1,28,0.1044776119402985,0.4444444444444444,8
10,11.4,Equipe 3,CTDE-Comm,1,26,0.13,0.3333333333333333,8
10,11.5,Equipe 1,CTDE-VD,0,21,0.09251101321585903,0.2222222222222222,8
10,11.5,Equipe 2,CTDE-CAC,1,28,0.1044776119402985,0.4444444444444444,8
10,11.5,Equipe 3,CTDE-Comm,1,26,0.13,0.3333333333333333,8
10,11.6,Equipe 1,CTDE-VD,0,21,0.09251101321585903,0.2222222222222222,8
10,11.6,Equipe 2,CTDE-CAC,1,28,0.1044776119402985,0.4444444444444444,8
10,11.6,Equipe 3,CTDE-Comm,1,26,0.13,0.3333333333333333,8
10,11.7,Equipe 1,CTDE-VD,0,21,0.09251101321585903,0.2222222222222222,8
10,11.7,Equipe 2,CTDE-CAC,1,28,0.1044776119402985,0.4444444444444444,8
10,11.7,Equipe 3,CTDE-Comm,1,26,0.13,0.3333333333333333,8
10,11.8,Equipe 1,CTDE-VD,0,21,0.09251101321585903,0.2222222222222222,8
10,11.8,Equipe 2,CTDE-CAC,1,28,0.1044776119402985,0.4444444444444444,8
10,11.8,Equipe 3,CTDE-Comm,1,26,0.13,0.3333333333333333,8
10,11.9,Equipe 1,CTDE-VD,0,21,0.09251101321585903,0.2222222222222222,8
10,11.9,Equipe 2,CTDE-CAC,1,28,0.1044776119402985,0.4444444444444444,8
10,11.9,Equipe 3,CTDE-Comm,1,26,0.13,0.3333333333333333,8
10,12.0,Equipe 1,CTDE-VD,0,21,0.09251101321585903,0.2222222222222222,8
10,12.0,Equipe 2,CTDE-CAC,1,28,0.1044776119402985,0.4444444444444444,8
10,12.0,Equipe 3,CTDE-Comm,1,26,0.13,0.3333333333333333,8
10,12.1,Equipe 1,CTDE-VD,0,21,0.09251101321585903,0.2222222222222222,8
10,12.1,Equipe 2,CTDE-CAC,1,28,0.1044776119402985,0.4444444444444444,8
10,12.1,Equipe 3,CTDE-Comm,1,26,0.13,0.3333333333333333,8
10,12.2,Equipe 1,CTDE-VD,0,21,0.09251101321585903,0.2222222222222222,8
10,12.2,Equipe 2,CTDE-CAC,1,28,0.1044776119402985,0.4444444444444444,8
10,12.2,Equipe 3,CTDE-Comm,1,26,0.13,0.3333333333333333,8
10,12.3,Equipe 1,CTDE-VD,0,21,0.09251101321585903,0.2222222222222222,8
10,12.3,Equipe 2,CTDE-CAC,1,28,0.1044776119402985,0.4444444444444444,8
10,12.3,Equipe 3,CTDE-Comm,1,26,0.13,0.3333333333333333,8
10,12.4,Equipe 1,CTDE-VD,0,21,0.09251101321585903,0.2222222222222222,8
10,12.4,Equipe 2,CTDE-CAC,1,28,0.1044776119402985,0.4444444444444444,8
10,12.4,Equipe 3,CTDE-Comm,1,26,0.13,0.3333333333333333,8
10,12.5,Equipe 1,CTDE-VD,0,21,0.09251101321585903,0.2222222222222222,8
10,12.5,Equipe 2,CTDE-CAC,1,28,0.1044776119402985,0.4444444444444444,8
10,12.5,Equipe 3,CTDE-Comm,1,26,0.13,0.3333333333333333,8
10,12.6,Equipe 1,CTDE-VD,0,21,0.09251101321585903,0.2222222222222222,8
10,12.6,Equipe 2,CTDE-CAC,1,28,0.1044776119402985,0.4444444444444444,8
10,12.6,Equipe 3,CTDE-Comm,1,26,0.13,0.3333333333333333,8
10,12.7,Equipe 1,CTDE-VD,0,21,0.09251101321585903,0.2222222222222222,8
10,12.7,Equipe 2,CTDE-CAC,1,28,0.1044776119402985,0.4444444444444444,8
10,12.7,Equipe 3,CTDE-Comm,1,26,0.13,0.3333333333333333,8
10,12.8,Equipe 1,CTDE-VD,0,21,0.09251101321585903,0.2222222222222222,8
10,12.8,Equipe 2,CTDE-CAC,1,28,0.1044776119402985,0.4444444444444444,8
10,12.8,Equipe 3,CTDE-Comm,1,26,0.13,0.3333333333333333,8
10,12.9,Equipe 1,CTDE-VD,0,21,0.09251101321585903,0.2222222222222222,8
10,12.9,Equipe 2,CTDE-CAC,1,28,0.1044776119402985,0.4444444444444444,8
10,12.9,Equipe 3,CTDE-Comm,1,26,0.13,0.3333333333333333,8
10,13.0,Equipe 1,CTDE-VD,0,21,0.09251101321585903,0.2222222222222222,8
10,13.0,Equipe 2,CTDE-CAC,1,28,0.1044776119402985,0.4444444444444444,8
10,13.0,Equipe 3,CTDE-Comm,1,26,0.13,0.3333333333333333,8
10,13.1,Equipe 1,CTDE-VD,0,21,0.09251101321585903,0.2222222222222222,8
10,13.1,Equipe 2,CTDE-CAC,1,28,0.1044776119402985,0.4444444444444444,8
10,13.1,Equipe 3,CTDE-Comm,1,26,0.13,0.3333333333333333,8
10,13.2,Equipe 1,CTDE-VD,0,21,0.09251101321585903,0.2222222222222222,8
10,13.2,Equipe 2,CTDE-CAC,1,28,0.1044776119402985,0.4444444444444444,8
10,13.2,Equipe 3,CTDE-Comm,1,26,0.13,0.3333333333333333,8
10,13.3,Equipe 1,CTDE-VD,0,21,0.09251101321585903,0.2222222222222222,8
10,13.3,Equipe 2,CTDE-CAC,1,28,0.1044776119402985,0.4444444444444444,8
10,13.3,Equipe 3,CTDE-Comm,1,26,0.13,0.3333333333333333,8
10,13.4,Equipe 1,CTDE-VD,0,21,0.09251101321585903,0.2222222222222222,8
10,13.4,Equipe 2,CTDE-CAC,1,28,0.1044776119402985,0.4444444444444444,8
10,13.4,Equipe 3,CTDE-Comm,1,26,0.13,0.3333333333333333,8
10,13.5,Equipe 1,CTDE-VD,0,21,0.09251101321585903,0.2222222222222222,8
10,13.5,Equipe 2,CTDE-CAC,1,28,0.1044776119402985,0.4444444444444444,8
10,13.5,Equipe 3,CTDE-Comm,1,26,0.13,0.3333333333333333,8
10,13.6,Equipe 1,CTDE-VD,0,21,0.09251101321585903,0.2222222222222222,8
10,13.6,Equipe 2,CTDE-CAC,1,28,0.1044776119402985,0.4444444444444444,8
10,13.6,Equipe 3,CTDE-Comm,1,26,0.13,0.3333333333333333,8
10,13.7,Equipe 1,CTDE-VD,0,21,0.09251101321585903,0.2222222222222222,8
10,13.7,Equipe 2,CTDE-CAC,1,28,0.1044776119402985,0.4444444444444444,8
10,13.7,Equipe 3,CTDE-Comm,1,26,0.13,0.3333333333333333,8
10,13.8,Equipe 1,CTDE-VD,0,21,0.09251101321585903,0.2222222222222222,8
10,13.8,Equipe 2,CTDE-CAC,1,28,0.1044776119402985,0.4444444444444444,8
10,13.8,Equipe 3,CTDE-Comm,1,26,0.13,0.3333333333333333,8
10,13.9,Equipe 1,CTDE-VD,0,21,0.09251101321585903,0.2222222222222222,8
10,13.9,Equipe 2,CTDE-CAC,1,28,0.1044776119402985,0.4444444444444444,8
10,13.9,Equipe 3,CTDE-Comm,1,26,0.13,0.3333333333333333,8
10,14.0,Equipe 1,CTDE-VD,0,21,0.09251101321585903,0.2222222222222222,8
10,14.0,Equipe 2,CTDE-CAC,1,28,0.1044776119402985,0.4444444444444444,8
10,14.0,Equipe 3,CTDE-Comm,1,26,0.13,0.3333333333333333,8
10,14.1,Equipe 1,CTDE-VD,0,21,0.09251101321585903,0.2222222222222222,8
10,14.1,Equipe 2,CTDE-CAC,1,28,0.1044776119402985,0.4444444444444444,8
10,14.1,Equipe 3,CTDE-Comm,1,26,0.13,0.3333333333333333,8
10,14.2,Equipe 1,CTDE-VD,0,21,0.09251101321585903,0.2222222222222222,8
10,14.2,Equipe 2,CTDE-CAC,1,28,0.1044776119402985,0.4444444444444444,8
10,14.2,Equipe 3,CTDE-Comm,1,26,0.13,0.3333333333333333,8
10,14.3,Equipe 1,CTDE-VD,0,21,0.09251101321585903,0.2222222222222222,8
10,14.3,Equipe 2,CTDE-CAC,1,28,0.1044776119402985,0.4444444444444444,8
10,14.3,Equipe 3,CTDE-Comm,1,26,0.13,0.3333333333333333,8
10,14.4,Equipe 1,CTDE-VD,0,21,0.09251101321585903,0.2222222222222222,8
10,14.4,Equipe 2,CTDE-CAC,1,28,0.1044776119402985,0.4444444444444444,8
10,14.4,Equipe 3,CTDE-Comm,1,26,0.13,0.3333333333333333,8
10,14.5,Equipe 1,CTDE-VD,0,21,0.09251101321585903,0.2222222222222222,8
10,14.5,Equipe 2,CTDE-CAC,1,28,0.1044776119402985,0.4444444444444444,8
10,14.5,Equipe 3,CTDE-Comm,1,26,0.13,0.3333333333333333,8
10,14.6,Equipe 1,CTDE-VD,0,21,0.09251101321585903,0.2222222222222222,8
10,14.6,Equipe 2,CTDE-CAC,1,28,0.1044776119402985,0.4444444444444444,8
10,14.6,Equipe 3,CTDE-Comm,1,26,0.13,0.3333333333333333,8
10,14.7,Equipe 1,CTDE-VD,0,21,0.09251101321585903,0.2222222222222222,8
10,14.7,Equipe 2,CTDE-CAC,1,28,0.1044776119402985,0.4444444444444444,8
10,14.7,Equipe 3,CTDE-Comm,1,26,0.13,0.3333333333333333,8
10,14.8,Equipe 1,CTDE-VD,0,21,0.09251101321585903,0.2222222222222222,8
10,14.8,Equipe 2,CTDE-CAC,1,28,0.1044776119402985,0.4444444444444444,8
10,14.8,Equipe 3,CTDE-Comm,1,26,0.13,0.3333333333333333,8
10,14.9,Equipe 1,CTDE-VD,0,21,0.09251101321585903,0.2222222222222222,8
10,14.9,Equipe 2,CTDE-CAC,1,28,0.1044776119402985,0.4444444444444444,8
10,14.9,Equipe 3,CTDE-Comm,1,26,0.13,0.3333333333333333,8
10,15.0,Equipe 1,CTDE-VD,0,21,0.09251101321585903,0.2222222222222222,8
10,15.0,Equipe 2,CTDE-CAC,1,28,0.1044776119402985,0.4444444444444444,8
10,15.0,Equipe 3,CTDE-Comm,1,26,0.13,0.3333333333333333,8
10,15.1,Equipe 1,CTDE-VD,0,21,0.09251101321585903,0.2222222222222222,8
10,15.1,Equipe 2,CTDE-CAC,1,28,0.1044776119402985,0.4444444444444444,8
10,15.1,Equipe 3,CTDE-Comm,1,26,0.13,0.3333333333333333,8
10,15.2,Equipe 1,CTDE-VD,0,21,0.09251101321585903,0.2222222222222222,8
10,15.2,Equipe 2,CTDE-CAC,1,28,0.1044776119402985,0.4444444444444444,8
10,15.2,Equipe 3,CTDE-Comm,1,26,0.13,0.3333333333333333,8
10,15.3,Equipe 1,CTDE-VD,0,21,0.09251101321585903,0.2222222222222222,8
10,15.3,Equipe 2,CTDE-CAC,1,28,0.1044776119402985,0.4444444444444444,8
10,15.3,Equipe 3,CTDE-Comm,1,26,0.13,0.3333333333333333,8
10,15.4,Equipe 1,CTDE-VD,0,21,0.09251101321585903,0.2222222222222222,8
10,15.4,Equipe 2,CTDE-CAC,1,28,0.1044776119402985,0.4444444444444444,8
10,15.4,Equipe 3,CTDE-Comm,1,26,0.13,0.3333333333333333,8
10,15.5,Equipe 1,CTDE-VD,0,21,0.09251101321585903,0.2222222222222222,8
10,15.5,Equipe 2,CTDE-CAC,1,28,0.1044776119402985,0.4444444444444444,8
10,15.5,Equipe 3,CTDE-Comm,1,26,0.13,0.3333333333333333,8
10,15.6,Equipe 1,CTDE-VD,0,21,0.09251101321585903,0.2222222222222222,8
10,15.6,Equipe 2,CTDE-CAC,1,28,0.1044776119402985,0.4444444444444444,8
10,15.6,Equipe 3,CTDE-Comm,1,26,0.13,0.3333333333333333,8
10,15.7,Equipe 1,CTDE-VD,0,21,0.09251101321585903,0.2222222222222222,8
10,15.7,Equipe 2,CTDE-CAC,1,28,0.1044776119402985,0.4444444444444444,8
10,15.7,Equipe 3,CTDE-Comm,1,26,0.13,0.3333333333333333,8
10,15.8,Equipe 1,CTDE-VD,0,21,0.09251101321585903,0.2222222222222222,8
10,15.8,Equipe 2,CTDE-CAC,1,28,0.1044776119402985,0.4444444444444444,8
10,15.8,Equipe 3,CTDE-Comm,1,26,0.13,0.3333333333333333,8
10,15.9,Equipe 1,CTDE-VD,0,21,0.09251101321585903,0.2222222222222222,8
10,15.9,Equipe 2,CTDE-CAC,1,28,0.1044776119402985,0.4444444444444444,8
10,15.9,Equipe 3,CTDE-Comm,1,26,0.13,0.3333333333333333,8
10,16.0,Equipe 1,CTDE-VD,0,21,0.09251101321585903,0.2222222222222222,8
10,16.0,Equipe 2,CTDE-CAC,1,28,0.1044776119402985,0.4444444444444444,8
10,16.0,Equipe 3,CTDE-Comm,1,26,0.13,0.3333333333333333,8
10,16.1,Equipe 1,CTDE-VD,0,21,0.09251101321585903,0.2222222222222222,8
10,16.1,Equipe 2,CTDE-CAC,1,28,0.1044776119402985,0.4444444444444444,8
10,16.1,Equipe 3,CTDE-Comm,1,26,0.13,0.3333333333333333,8
10,16.2,Equipe 1,CTDE-VD,0,21,0.09251101321585903,0.2222222222222222,8
10,16.2,Equipe 2,CTDE-CAC,1,28,0.1044776119402985,0.4444444444444444,8
10,16.2,Equipe 3,CTDE-Comm,1,26,0.13,0.3333333333333333,8
10,16.3,Equipe 1,CTDE-VD,0,21,0.09251101321585903,0.2222222222222222,8
10,16.3,Equipe 2,CTDE-CAC,1,28,0.1044776119402985,0.4444444444444444,8
10,16.3,Equipe 3,CTDE-Comm,1,26,0.13,0.3333333333333333,8
10,16.4,Equipe 1,CTDE-VD,0,21,0.09251101321585903,0.2222222222222222,8
10,16.4,Equipe 2,CTDE-CAC,1,28,0.1044776119402985,0.4444444444444444,8
10,16.4,Equipe 3,CTDE-Comm,1,26,0.13,0.3333333333333333,8
10,16.5,Equipe 1,CTDE-VD,0,21,0.09251101321585903,0.2222222222222222,8
10,16.5,Equipe 2,CTDE-CAC,1,28,0.1044776119402985,0.4444444444444444,8
10,16.5,Equipe 3,CTDE-Comm,1,26,0.13,0.3333333333333333,8
10,16.6,Equipe 1,CTDE-VD,0,21,0.09251101321585903,0.2222222222222222,8
10,16.6,Equipe 2,CTDE-CAC,1,28,0.1044776119402985,0.4444444444444444,8
10,16.6,Equipe 3,CTDE-Comm,1,26,0.13,0.3333333333333333,8
10,16.7,Equipe 1,CTDE-VD,0,21,0.09251101321585903,0.2222222222222222,8
10,16.7,Equipe 2,CTDE-CAC,1,28,0.1044776119402985,0.4444444444444444,8
10,16.7,Equipe 3,CTDE-Comm,1,26,0.13,0.3333333333333333,8
10,16.8,Equipe 1,CTDE-VD,0,21,0.09251101321585903,0.2222222222222222,8
10,16.8,Equipe 2,CTDE-CAC,1,28,0.1044776119402985,0.4444444444444444,8
10,16.8,Equipe 3,CTDE-Comm,1,26,0.13,0.3333333333333333,8
10,16.9,Equipe 1,CTDE-VD,0,21,0.09251101321585903,0.2222222222222222,8
10,16.9,Equipe 2,CTDE-CAC,1,28,0.1044776119402985,0.4444444444444444,8
10,16.9,Equipe 3,CTDE-Comm,1,26,0.13,0.3333333333333333,8
10,17.0,Equipe 1,CTDE-VD,0,21,0.09251101321585903,0.2222222222222222,8
10,17.0,Equipe 2,CTDE-CAC,1,28,0.1044776119402985,0.4444444444444444,8
10,17.0,Equipe 3,CTDE-Comm,1,26,0.13,0.3333333333333333,8
10,17.1,Equipe 1,CTDE-VD,0,21,0.09251101321585903,0.2222222222222222,8
10,17.1,Equipe 2,CTDE-CAC,1,28,0.1044776119402985,0.4444444444444444,8
10,17.1,Equipe 3,CTDE-Comm,1,26,0.13,0.3333333333333333,8
10,17.2,Equipe 1,CTDE-VD,0,21,0.09251101321585903,0.2222222222222222,8
10,17.2,Equipe 2,CTDE-CAC,1,28,0.1044776119402985,0.4444444444444444,8
10,17.2,Equipe 3,CTDE-Comm,1,26,0.13,0.3333333333333333,8
10,17.3,Equipe 1,CTDE-VD,0,21,0.09251101321585903,0.2222222222222222,8
10,17.3,Equipe 2,CTDE-CAC,1,28,0.1044776119402985,0.4444444444444444,8
10,17.3,Equipe 3,CTDE-Comm,1,26,0.13,0.3333333333333333,8
10,17.4,Equipe 1,CTDE-VD,0,21,0.09251101321585903,0.2222222222222222,8
10,17.4,Equipe 2,CTDE-CAC,1,28,0.1044776119402985,0.4444444444444444,8
10,17.4,Equipe 3,CTDE-Comm,1,26,0.13,0.3333333333333333,8
10,17.5,Equipe 1,CTDE-VD,0,21,0.09251101321585903,0.2222222222222222,8
10,17.5,Equipe 2,CTDE-CAC,1,28,0.1044776119402985,0.4444444444444444,8
10,17.5,Equipe 3,CTDE-Comm,1,26,0.13,0.3333333333333333,8
10,17.6,Equipe 1,CTDE-VD,0,21,0.09251101321585903,0.2222222222222222,8
10,17.6,Equipe 2,CTDE-CAC,1,28,0.1044776119402985,0.4444444444444444,8
10,17.6,Equipe 3,CTDE-Comm,1,26,0.13,0.3333333333333333,8
10,17.7,Equipe 1,CTDE-VD,0,21,0.09251101321585903,0.2222222222222222,8
10,17.7,Equipe 2,CTDE-CAC,1,28,0.1044776119402985,0.4444444444444444,8
10,17.7,Equipe 3,CTDE-Comm,1,26,0.13,0.3333333333333333,8
10,17.8,Equipe 1,CTDE-VD,0,21,0.09251101321585903,0.2222222222222222,8
10,17.8,Equipe 2,CTDE-CAC,1,28,0.1044776119402985,0.4444444444444444,8
10,17.8,Equipe 3,CTDE-Comm,1,26,0.13,0.3333333333333333,8
10,17.9,Equipe 1,CTDE-VD,0,21,0.09251101321585903,0.2222222222222222,8
10,17.9,Equipe 2,CTDE-CAC,1,28,0.1044776119402985,0.4444444444444444,8
10,17.9,Equipe 3,CTDE-Comm,1,26,0.13,0.3333333333333333,8
10,18.0,Equipe 1,CTDE-VD,0,21,0.09251101321585903,0.2222222222222222,8
10,18.0,Equipe 2,CTDE-CAC,1,28,0.1044776119402985,0.4444444444444444,8
10,18.0,Equipe 3,CTDE-Comm,1,26,0.13,0.3333333333333333,8
10,18.1,Equipe 1,CTDE-VD,0,21,0.09251101321585903,0.2222222222222222,8
10,18.1,Equipe 2,CTDE-CAC,1,28,0.1044776119402985,0.4444444444444444,8
10,18.1,Equipe 3,CTDE-Comm,1,26,0.13,0.3333333333333333,8
10,18.2,Equipe 1,CTDE-VD,0,21,0.09251101321585903,0.2222222222222222,8
10,18.2,Equipe 2,CTDE-CAC,1,28,0.1044776119402985,0.4444444444444444,8
10,18.2,Equipe 3,CTDE-Comm,1,26,0.13,0.3333333333333333,8
10,18.3,Equipe 1,CTDE-VD,0,21,0.09251101321585903,0.2222222222222222,8
10,18.3,Equipe 2,CTDE-CAC,1,28,0.1044776119402985,0.4444444444444444,8
10,18.3,Equipe 3,CTDE-Comm,1,26,0.13,0.3333333333333333,8
10,18.4,Equipe 1,CTDE-VD,0,21,0.09251101321585903,0.2222222222222222,8
10,18.4,Equipe 2,CTDE-CAC,1,28,0.1044776119402985,0.4444444444444444,8
10,18.4,Equipe 3,CTDE-Comm,1,26,0.13,0.3333333333333333,8
10,18.5,Equipe 1,CTDE-VD,0,21,0.09251101321585903,0.2222222222222222,8
10,18.5,Equipe 2,CTDE-CAC,1,28,0.1044776119402985,0.4444444444444444,8
10,18.5,Equipe 3,CTDE-Comm,1,26,0.13,0.3333333333333333,8
10,18.6,Equipe 1,CTDE-VD,0,21,0.09251101321585903,0.2222222222222222,8
10,18.6,Equipe 2,CTDE-CAC,1,28,0.1044776119402985,0.4444444444444444,8
10,18.6,Equipe 3,CTDE-Comm,1,26,0.13,0.3333333333333333,8
10,18.7,Equipe 1,CTDE-VD,0,21,0.09251101321585903,0.2222222222222222,8
10,18.7,Equipe 2,CTDE-CAC,1,28,0.1044776119402985,0.4444444444444444,8
10,18.7,Equipe 3,CTDE-Comm,1,26,0.13,0.3333333333333333,8
10,18.8,Equipe 1,CTDE-VD,0,21,0.09251101321585903,0.2222222222222222,8
10,18.8,Equipe 2,CTDE-CAC,1,28,0.1044776119402985,0.4444444444444444,8
10,18.8,Equipe 3,CTDE-Comm,1,26,0.13,0.3333333333333333,8
10,18.9,Equipe 1,CTDE-VD,0,21,0.09251101321585903,0.2222222222222222,8
10,18.9,Equipe 2,CTDE-CAC,1,28,0.1044776119402985,0.4444444444444444,8
10,18.9,Equipe 3,CTDE-Comm,1,26,0.13,0.3333333333333333,8
10,19.0,Equipe 1,CTDE-VD,0,21,0.09251101321585903,0.2222222222222222,8
10,19.0,Equipe 2,CTDE-CAC,1,28,0.1044776119402985,0.4444444444444444,8
10,19.0,Equipe 3,CTDE-Comm,1,26,0.13,0.3333333333333333,8
10,19.1,Equipe 1,CTDE-VD,0,21,0.09251101321585903,0.2222222222222222,8
10,19.1,Equipe 2,CTDE-CAC,1,28,0.1044776119402985,0.4444444444444444,8
10,19.1,Equipe 3,CTDE-Comm,1,26,0.13,0.3333333333333333,8
10,19.2,Equipe 1,CTDE-VD,0,21,0.09251101321585903,0.2222222222222222,8
10,19.2,Equipe 2,CTDE-CAC,1,28,0.1044776119402985,0.4444444444444444,8
10,19.2,Equipe 3,CTDE-Comm,1,26,0.13,0.3333333333333333,8
10,19.3,Equipe 1,CTDE-VD,0,21,0.09251101321585903,0.2222222222222222,8
10,19.3,Equipe 2,CTDE-CAC,1,28,0.1044776119402985,0.4444444444444444,8
10,19.3,Equipe 3,CTDE-Comm,1,26,0.13,0.3333333333333333,8
10,19.4,Equipe 1,CTDE-VD,0,21,0.09251101321585903,0.2222222222222222,8
10,19.4,Equipe 2,CTDE-CAC,1,28,0.1044776119402985,0.4444444444444444,8
10,19.4,Equipe 3,CTDE-Comm,1,26,0.13,0.3333333333333333,8
10,19.5,Equipe 1,CTDE-VD,0,21,0.09251101321585903,0.2222222222222222,8
10,19.5,Equipe 2,CTDE-CAC,1,28,0.1044776119402985,0.4444444444444444,8
10,19.5,Equipe 3,CTDE-Comm,1,26,0.13,0.3333333333333333,8
10,19.6,Equipe 1,CTDE-VD,0,21,0.09251101321585903,0.2222222222222222,8
10,19.6,Equipe 2,CTDE-CAC,1,28,0.1044776119402985,0.4444444444444444,8
10,19.6,Equipe 3,CTDE-Comm,1,26,0.13,0.3333333333333333,8
10,19.7,Equipe 1,CTDE-VD,0,21,0.09251101321585903,0.2222222222222222,8
10,19.7,Equipe 2,CTDE-CAC,1,28,0.1044776119402985,0.4444444444444444,8
10,19.7,Equipe 3,CTDE-Comm,1,26,0.13,0.3333333333333333,8
10,19.8,Equipe 1,CTDE-VD,0,21,0.09251101321585903,0.2222222222222222,8
10,19.8,Equipe 2,CTDE-CAC,1,28,0.1044776119402985,0.4444444444444444,8
10,19.8,Equipe 3,CTDE-Comm,1,26,0.13,0.3333333333333333,8
10,19.9,Equipe 1,CTDE-VD,0,21,0.09251101321585903,0.2222222222222222,8
10,19.9,Equipe 2,CTDE-CAC,1,28,0.1044776119402985,0.4444444444444444,8
10,19.9,Equipe 3,CTDE-Comm,1,26,0.13,0.3333333333333333,8
10,20.0,Equipe 1,CTDE-VD,0,21,0.09251101321585903,0.2222222222222222,8
10,20.0,Equipe 2,CTDE-CAC,1,28,0.1044776119402985,0.4444444444444444,8
10,20.0,Equipe 3,CTDE-Comm,1,26,0.13,0.3333333333333333,8
10,20.1,Equipe 1,CTDE-VD,0,21,0.09251101321585903,0.2222222222222222,8
10,20.1,Equipe 2,CTDE-CAC,1,28,0.1044776119402985,0.4444444444444444,8
10,20.1,Equipe 3,CTDE-Comm,1,26,0.13,0.3333333333333333,8
10,20.2,Equipe 1,CTDE-VD,0,21,0.09251101321585903,0.2222222222222222,8
10,20.2,Equipe 2,CTDE-CAC,1,28,0.1044776119402985,0.4444444444444444,8
10,20.2,Equipe 3,CTDE-Comm,1,26,0.13,0.3333333333333333,8
10,20.3,Equipe 1,CTDE-VD,0,21,0.09251101321585903,0.2222222222222222,8
10,20.3,Equipe 2,CTDE-CAC,1,28,0.1044776119402985,0.4444444444444444,8
10,20.3,Equipe 3,CTDE-Comm,1,26,0.13,0.3333333333333333,8
10,20.4,Equipe 1,CTDE-VD,0,21,0.09251101321585903,0.2222222222222222,8
10,20.4,Equipe 2,CTDE-CAC,1,28,0.1044776119402985,0.4444444444444444,8
10,20.4,Equipe 3,CTDE-Comm,1,26,0.13,0.3333333333333333,8
10,20.5,Equipe 1,CTDE-VD,0,21,0.09251101321585903,0.2222222222222222,8
10,20.5,Equipe 2,CTDE-CAC,1,28,0.1044776119402985,0.4444444444444444,8
10,20.5,Equipe 3,CTDE-Comm,1,26,0.13,0.3333333333333333,8
10,20.6,Equipe 1,CTDE-VD,0,21,0.09251101321585903,0.2222222222222222,8
10,20.6,Equipe 2,CTDE-CAC,1,28,0.1044776119402985,0.4444444444444444,8
10,20.6,Equipe 3,CTDE-Comm,1,26,0.13,0.3333333333333333,8
10,20.7,Equipe 1,CTDE-VD,0,21,0.09251101321585903,0.2222222222222222,8
10,20.7,Equipe 2,CTDE-CAC,1,28,0.1044776119402985,0.4444444444444444,8
10,20.7,Equipe 3,CTDE-Comm,1,26,0.13,0.3333333333333333,8
10,20.8,Equipe 1,CTDE-VD,0,21,0.09251101321585903,0.2222222222222222,8
10,20.8,Equipe 2,CTDE-CAC,1,28,0.1044776119402985,0.4444444444444444,8
10,20.8,Equipe 3,CTDE-Comm,1,26,0.13,0.3333333333333333,8
10,20.9,Equipe 1,CTDE-VD,0,21,0.09251101321585903,0.2222222222222222,8
10,20.9,Equipe 2,CTDE-CAC,1,28,0.1044776119402985,0.4444444444444444,8
10,20.9,Equipe 3,CTDE-Comm,1,26,0.13,0.3333333333333333,8
10,21.0,Equipe 1,CTDE-VD,0,21,0.09251101321585903,0.2222222222222222,8
10,21.0,Equipe 2,CTDE-CAC,1,28,0.1044776119402985,0.4444444444444444,8
10,21.0,Equipe 3,CTDE-Comm,1,26,0.13,0.3333333333333333,8
10,21.1,Equipe 1,CTDE-VD,0,21,0.09251101321585903,0.2222222222222222,8
10,21.1,Equipe 2,CTDE-CAC,1,28,0.1044776119402985,0.4444444444444444,8
10,21.1,Equipe 3,CTDE-Comm,1,26,0.13,0.3333333333333333,8
10,21.2,Equipe 1,CTDE-VD,0,21,0.09251101321585903,0.2222222222222222,8
10,21.2,Equipe 2,CTDE-CAC,1,28,0.1044776119402985,0.4444444444444444,8
10,21.2,Equipe 3,CTDE-Comm,1,26,0.13,0.3333333333333333,8
10,21.3,Equipe 1,CTDE-VD,0,21,0.09251101321585903,0.2222222222222222,8
10,21.3,Equipe 2,CTDE-CAC,1,28,0.1044776119402985,0.4444444444444444,8
10,21.3,Equipe 3,CTDE-Comm,1,26,0.13,0.3333333333333333,8
10,21.4,Equipe 1,CTDE-VD,0,21,0.09251101321585903,0.2222222222222222,8
10,21.4,Equipe 2,CTDE-CAC,1,28,0.1044776119402985,0.4444444444444444,8
10,21.4,Equipe 3,CTDE-Comm,1,26,0.13,0.3333333333333333,8
10,21.5,Equipe 1,CTDE-VD,0,21,0.09251101321585903,0.2222222222222222,8
10,21.5,Equipe 2,CTDE-CAC,1,28,0.1044776119402985,0.4444444444444444,8
10,21.5,Equipe 3,CTDE-Comm,1,26,0.13,0.3333333333333333,8
10,21.6,Equipe 1,CTDE-VD,0,21,0.09251101321585903,0.2222222222222222,8
10,21.6,Equipe 2,CTDE-CAC,1,28,0.1044776119402985,0.4444444444444444,8
10,21.6,Equipe 3,CTDE-Comm,1,26,0.13,0.3333333333333333,8
10,21.7,Equipe 1,CTDE-VD,0,21,0.09251101321585903,0.2222222222222222,8
10,21.7,Equipe 2,CTDE-CAC,1,28,0.1044776119402985,0.4444444444444444,8
10,21.7,Equipe 3,CTDE-Comm,1,26,0.13,0.3333333333333333,8
10,21.8,Equipe 1,CTDE-VD,0,21,0.09251101321585903,0.2222222222222222,8
10,21.8,Equipe 2,CTDE-CAC,1,28,0.1044776119402985,0.4444444444444444,8
10,21.8,Equipe 3,CTDE-Comm,1,26,0.13,0.3333333333333333,8
10,21.9,Equipe 1,CTDE-VD,0,21,0.09251101321585903,0.2222222222222222,8
10,21.9,Equipe 2,CTDE-CAC,1,28,0.1044776119402985,0.4444444444444444,8
10,21.9,Equipe 3,CTDE-Comm,1,26,0.13,0.3333333333333333,8
10,22.0,Equipe 1,CTDE-VD,0,21,0.09251101321585903,0.2222222222222222,8
10,22.0,Equipe 2,CTDE-CAC,1,28,0.1044776119402985,0.4444444444444444,8
10,22.0,Equipe 3,CTDE-Comm,1,26,0.13,0.3333333333333333,8
10,22.1,Equipe 1,CTDE-VD,0,21,0.09251101321585903,0.2222222222222222,8
10,22.1,Equipe 2,CTDE-CAC,1,28,0.1044776119402985,0.4444444444444444,8
10,22.1,Equipe 3,CTDE-Comm,1,26,0.13,0.3333333333333333,8
10,22.2,Equipe 1,CTDE-VD,0,21,0.09251101321585903,0.2222222222222222,8
10,22.2,Equipe 2,CTDE-CAC,1,28,0.1044776119402985,0.4444444444444444,8
10,22.2,Equipe 3,CTDE-Comm,1,26,0.13,0.3333333333333333,8
10,22.3,Equipe 1,CTDE-VD,0,21,0.09251101321585903,0.2222222222222222,8
10,22.3,Equipe 2,CTDE-CAC,1,28,0.1044776119402985,0.4444444444444444,8
10,22.3,Equipe 3,CTDE-Comm,1,26,0.13,0.3333333333333333,8
10,22.4,Equipe 1,CTDE-VD,0,21,0.09251101321585903,0.2222222222222222,8
10,22.4,Equipe 2,CTDE-CAC,1,28,0.1044776119402985,0.4444444444444444,8
10,22.4,Equipe 3,CTDE-Comm,1,26,0.13,0.3333333333333333,8
10,22.5,Equipe 1,CTDE-VD,0,21,0.09251101321585903,0.2222222222222222,8
10,22.5,Equipe 2,CTDE-CAC,1,28,0.1044776119402985,0.4444444444444444,8
10,22.5,Equipe 3,CTDE-Comm,1,26,0.13,0.3333333333333333,8
10,22.6,Equipe 1,CTDE-VD,0,21,0.09251101321585903,0.2222222222222222,8
10,22.6,Equipe 2,CTDE-CAC,1,28,0.1044776119402985,0.4444444444444444,8
10,22.6,Equipe 3,CTDE-Comm,1,26,0.13,0.3333333333333333,8
10,22.7,Equipe 1,CTDE-VD,0,21,0.09251101321585903,0.2222222222222222,8
10,22.7,Equipe 2,CTDE-CAC,1,28,0.1044776119402985,0.4444444444444444,8
10,22.7,Equipe 3,CTDE-Comm,1,26,0.13,0.3333333333333333,8
10,22.8,Equipe 1,CTDE-VD,0,21,0.09251101321585903,0.2222222222222222,8
10,22.8,Equipe 2,CTDE-CAC,1,28,0.1044776119402985,0.4444444444444444,8
10,22.8,Equipe 3,CTDE-Comm,1,26,0.13,0.3333333333333333,8
10,22.9,Equipe 1,CTDE-VD,0,21,0.09251101321585903,0.2222222222222222,8
10,22.9,Equipe 2,CTDE-CAC,1,28,0.1044776119402985,0.4444444444444444,8
10,22.9,Equipe 3,CTDE-Comm,1,26,0.13,0.3333333333333333,8
10,23.0,Equipe 1,CTDE-VD,0,21,0.09251101321585903,0.2222222222222222,8
10,23.0,Equipe 2,CTDE-CAC,1,28,0.1044776119402985,0.4444444444444444,8
10,23.0,Equipe 3,CTDE-Comm,1,26,0.13,0.3333333333333333,8
10,23.1,Equipe 1,CTDE-VD,0,21,0.09251101321585903,0.2222222222222222,8
10,23.1,Equipe 2,CTDE-CAC,1,28,0.1044776119402985,0.4444444444444444,8
10,23.1,Equipe 3,CTDE-Comm,1,26,0.13,0.3333333333333333,8
10,23.2,Equipe 1,CTDE-VD,0,21,0.09251101321585903,0.2222222222222222,8
10,23.2,Equipe 2,CTDE-CAC,1,28,0.1044776119402985,0.4444444444444444,8
10,23.2,Equipe 3,CTDE-Comm,1,26,0.13,0.3333333333333333,8
10,23.3,Equipe 1,CTDE-VD,0,21,0.09251101321585903,0.2222222222222222,8
10,23.3,Equipe 2,CTDE-CAC,1,28,0.1044776119402985,0.4444444444444444,8
10,23.3,Equipe 3,CTDE-Comm,1,26,0.13,0.3333333333333333,8
10,23.4,Equipe 1,CTDE-VD,0,21,0.09251101321585903,0.2222222222222222,8
10,23.4,Equipe 2,CTDE-CAC,1,28,0.1044776119402985,0.4444444444444444,8
10,23.4,Equipe 3,CTDE-Comm,1,26,0.13,0.3333333333333333,8
10,23.5,Equipe 1,CTDE-VD,0,21,0.09251101321585903,0.2222222222222222,8
10,23.5,Equipe 2,CTDE-CAC,1,28,0.1044776119402985,0.4444444444444444,8
10,23.5,Equipe 3,CTDE-Comm,1,26,0.13,0.3333333333333333,8
10,23.6,Equipe 1,CTDE-VD,0,21,0.09251101321585903,0.2222222222222222,8
10,23.6,Equipe 2,CTDE-CAC,1,28,0.1044776119402985,0.4444444444444444,8
10,23.6,Equipe 3,CTDE-Comm,1,26,0.13,0.3333333333333333,8
10,23.7,Equipe 1,CTDE-VD,0,21,0.09251101321585903,0.2222222222222222,8
10,23.7,Equipe 2,CTDE-CAC,1,28,0.1044776119402985,0.4444444444444444,8
10,23.7,Equipe 3,CTDE-Comm,1,26,0.13,0.3333333333333333,8
10,23.8,Equipe 1,CTDE-VD,0,21,0.09251101321585903,0.2222222222222222,8
10,23.8,Equipe 2,CTDE-CAC,1,28,0.1044776119402985,0.4444444444444444,8
10,23.8,Equipe 3,CTDE-Comm,1,26,0.13,0.3333333333333333,8
10,23.9,Equipe 1,CTDE-VD,0,21,0.09251101321585903,0.2222222222222222,8
10,23.9,Equipe 2,CTDE-CAC,1,28,0.1044776119402985,0.4444444444444444,8
10,23.9,Equipe 3,CTDE-Comm,1,26,0.13,0.3333333333333333,8
10,24.0,Equipe 1,CTDE-VD,0,21,0.09251101321585903,0.2222222222222222,8
10,24.0,Equipe 2,CTDE-CAC,1,28,0.1044776119402985,0.4444444444444444,8
10,24.0,Equipe 3,CTDE-Comm,1,26,0.13,0.3333333333333333,8
10,24.1,Equipe 1,CTDE-VD,0,21,0.09251101321585903,0.2222222222222222,8
10,24.1,Equipe 2,CTDE-CAC,1,28,0.1044776119402985,0.4444444444444444,8
10,24.1,Equipe 3,CTDE-Comm,1,26,0.13,0.3333333333333333,8
10,24.2,Equipe 1,CTDE-VD,0,21,0.09251101321585903,0.2222222222222222,8
10,24.2,Equipe 2,CTDE-CAC,1,28,0.1044776119402985,0.4444444444444444,8
10,24.2,Equipe 3,CTDE-Comm,1,26,0.13,0.3333333333333333,8
10,24.3,Equipe 1,CTDE-VD,0,21,0.09251101321585903,0.2222222222222222,8
10,24.3,Equipe 2,CTDE-CAC,1,28,0.1044776119402985,0.4444444444444444,8
10,24.3,Equipe 3,CTDE-Comm,1,26,0.13,0.3333333333333333,8
10,24.4,Equipe 1,CTDE-VD,0,21,0.09251101321585903,0.2222222222222222,8
10,24.4,Equipe 2,CTDE-CAC,1,28,0.1044776119402985,0.4444444444444444,8
10,24.4,Equipe 3,CTDE-Comm,1,26,0.13,0.3333333333333333,8
10,24.5,Equipe 1,CTDE-VD,0,21,0.09251101321585903,0.2222222222222222,8
10,24.5,Equipe 2,CTDE-CAC,1,28,0.1044776119402985,0.4444444444444444,8
10,24.5,Equipe 3,CTDE-Comm,1,26,0.13,0.3333333333333333,8
10,24.6,Equipe 1,CTDE-VD,0,21,0.09251101321585903,0.2222222222222222,8
10,24.6,Equipe 2,CTDE-CAC,1,28,0.1044776119402985,0.4444444444444444,8
10,24.6,Equipe 3,CTDE-Comm,1,26,0.13,0.3333333333333333,8
10,24.7,Equipe 1,CTDE-VD,0,21,0.09251101321585903,0.2222222222222222,8
10,24.7,Equipe 2,CTDE-CAC,1,28,0.1044776119402985,0.4444444444444444,8
10,24.7,Equipe 3,CTDE-Comm,1,26,0.13,0.3333333333333333,8
10,24.8,Equipe 1,CTDE-VD,0,21,0.09251101321585903,0.2222222222222222,8
10,24.8,Equipe 2,CTDE-CAC,1,28,0.1044776119402985,0.4444444444444444,8
10,24.8,Equipe 3,CTDE-Comm,1,26,0.13,0.3333333333333333,8
10,24.9,Equipe 1,CTDE-VD,0,21,0.09251101321585903,0.2222222222222222,8
10,24.9,Equipe 2,CTDE-CAC,1,28,0.1044776119402985,0.4444444444444444,8
10,24.9,Equipe 3,CTDE-Comm,1,26,0.13,0.3333333333333333,8
10,25.0,Equipe 1,CTDE-VD,0,21,0.09251101321585903,0.2222222222222222,8
10,25.0,Equipe 2,CTDE-CAC,1,28,0.1044776119402985,0.4444444444444444,8
10,25.0,Equipe 3,CTDE-Comm,1,26,0.13,0.3333333333333333,8
10,25.1,Equipe 1,CTDE-VD,0,21,0.09251101321585903,0.2222222222222222,8
10,25.1,Equipe 2,CTDE-CAC,1,28,0.1044776119402985,0.4444444444444444,8
10,25.1,Equipe 3,CTDE-Comm,1,26,0.13,0.3333333333333333,8
10,25.2,Equipe 1,CTDE-VD,0,21,0.09251101321585903,0.2222222222222222,8
10,25.2,Equipe 2,CTDE-CAC,1,28,0.1044776119402985,0.4444444444444444,8
10,25.2,Equipe 3,CTDE-Comm,1,26,0.13,0.3333333333333333,8
10,25.3,Equipe 1,CTDE-VD,0,21,0.09251101321585903,0.2222222222222222,8
10,25.3,Equipe 2,CTDE-CAC,1,28,0.1044776119402985,0.4444444444444444,8
10,25.3,Equipe 3,CTDE-Comm,1,26,0.13,0.3333333333333333,8
10,25.4,Equipe 1,CTDE-VD,0,21,0.09251101321585903,0.2222222222222222,8
10,25.4,Equipe 2,CTDE-CAC,1,28,0.1044776119402985,0.4444444444444444,8
10,25.4,Equipe 3,CTDE-Comm,1,26,0.13,0.3333333333333333,8
10,25.5,Equipe 1,CTDE-VD,0,21,0.09251101321585903,0.2222222222222222,8
10,25.5,Equipe 2,CTDE-CAC,1,28,0.1044776119402985,0.4444444444444444,8
10,25.5,Equipe 3,CTDE-Comm,1,26,0.13,0.3333333333333333,8
10,25.6,Equipe 1,CTDE-VD,0,21,0.09251101321585903,0.2222222222222222,8
10,25.6,Equipe 2,CTDE-CAC,1,28,0.1044776119402985,0.4444444444444444,8
10,25.6,Equipe 3,CTDE-Comm,1,26,0.13,0.3333333333333333,8
10,25.7,Equipe 1,CTDE-VD,0,21,0.09251101321585903,0.2222222222222222,8
10,25.7,Equipe 2,CTDE-CAC,1,28,0.1044776119402985,0.4444444444444444,8
10,25.7,Equipe 3,CTDE-Comm,1,26,0.13,0.3333333333333333,8
10,25.8,Equipe 1,CTDE-VD,0,21,0.09251101321585903,0.2222222222222222,8
10,25.8,Equipe 2,CTDE-CAC,1,28,0.1044776119402985,0.4444444444444444,8
10,25.8,Equipe 3,CTDE-Comm,1,26,0.13,0.3333333333333333,8
10,25.9,Equipe 1,CTDE-VD,0,21,0.09251101321585903,0.2222222222222222,8
10,25.9,Equipe 2,CTDE-CAC,1,28,0.1044776119402985,0.4444444444444444,8
10,25.9,Equipe 3,CTDE-Comm,1,26,0.13,0.3333333333333333,8
10,26.0,Equipe 1,CTDE-VD,0,21,0.09251101321585903,0.2222222222222222,8
10,26.0,Equipe 2,CTDE-CAC,1,28,0.1044776119402985,0.4444444444444444,8
10,26.0,Equipe 3,CTDE-Comm,1,26,0.13,0.3333333333333333,8
10,26.1,Equipe 1,CTDE-VD,0,21,0.09251101321585903,0.2222222222222222,8
10,26.1,Equipe 2,CTDE-CAC,1,28,0.1044776119402985,0.4444444444444444,8
10,26.1,Equipe 3,CTDE-Comm,1,26,0.13,0.3333333333333333,8
10,26.2,Equipe 1,CTDE-VD,0,21,0.09251101321585903,0.2222222222222222,8
10,26.2,Equipe 2,CTDE-CAC,1,28,0.1044776119402985,0.4444444444444444,8
10,26.2,Equipe 3,CTDE-Comm,1,26,0.13,0.3333333333333333,8
10,26.3,Equipe 1,CTDE-VD,0,21,0.09251101321585903,0.2222222222222222,8
10,26.3,Equipe 2,CTDE-CAC,1,28,0.1044776119402985,0.4444444444444444,8
10,26.3,Equipe 3,CTDE-Comm,1,26,0.13,0.3333333333333333,8
10,26.4,Equipe 1,CTDE-VD,0,21,0.09251101321585903,0.2222222222222222,8
10,26.4,Equipe 2,CTDE-CAC,1,28,0.1044776119402985,0.4444444444444444,8
10,26.4,Equipe 3,CTDE-Comm,1,26,0.13,0.3333333333333333,8
10,26.5,Equipe 1,CTDE-VD,0,21,0.09251101321585903,0.2222222222222222,8
10,26.5,Equipe 2,CTDE-CAC,1,28,0.1044776119402985,0.4444444444444444,8
10,26.5,Equipe 3,CTDE-Comm,1,26,0.13,0.3333333333333333,8
10,26.6,Equipe 1,CTDE-VD,0,21,0.09251101321585903,0.2222222222222222,8
10,26.6,Equipe 2,CTDE-CAC,1,28,0.1044776119402985,0.4444444444444444,8
10,26.6,Equipe 3,CTDE-Comm,1,26,0.13,0.3333333333333333,8
10,26.7,Equipe 1,CTDE-VD,0,21,0.09251101321585903,0.2222222222222222,8
10,26.7,Equipe 2,CTDE-CAC,1,28,0.1044776119402985,0.4444444444444444,8
10,26.7,Equipe 3,CTDE-Comm,1,26,0.13,0.3333333333333333,8
10,26.8,Equipe 1,CTDE-VD,0,21,0.09251101321585903,0.2222222222222222,8
10,26.8,Equipe 2,CTDE-CAC,1,28,0.1044776119402985,0.4444444444444444,8
10,26.8,Equipe 3,CTDE-Comm,1,26,0.13,0.3333333333333333,8
10,26.9,Equipe 1,CTDE-VD,0,21,0.09251101321585903,0.2222222222222222,8
10,26.9,Equipe 2,CTDE-CAC,1,28,0.1044776119402985,0.4444444444444444,8
10,26.9,Equipe 3,CTDE-Comm,1,26,0.13,0.3333333333333333,8
10,27.0,Equipe 1,CTDE-VD,0,21,0.09251101321585903,0.2222222222222222,8
10,27.0,Equipe 2,CTDE-CAC,1,28,0.1044776119402985,0.4444444444444444,8
10,27.0,Equipe 3,CTDE-Comm,1,26,0.13,0.3333333333333333,8
10,27.1,Equipe 1,CTDE-VD,0,21,0.09251101321585903,0.2222222222222222,8
10,27.1,Equipe 2,CTDE-CAC,1,28,0.1044776119402985,0.4444444444444444,8
10,27.1,Equipe 3,CTDE-Comm,1,26,0.13,0.3333333333333333,8
10,27.2,Equipe 1,CTDE-VD,0,21,0.09251101321585903,0.2222222222222222,8
10,27.2,Equipe 2,CTDE-CAC,1,28,0.1044776119402985,0.4444444444444444,8
10,27.2,Equipe 3,CTDE-Comm,1,26,0.13,0.3333333333333333,8
10,27.3,Equipe 1,CTDE-VD,0,21,0.09251101321585903,0.2222222222222222,8
10,27.3,Equipe 2,CTDE-CAC,1,28,0.1044776119402985,0.4444444444444444,8
10,27.3,Equipe 3,CTDE-Comm,1,26,0.13,0.3333333333333333,8
10,27.4,Equipe 1,CTDE-VD,0,21,0.09251101321585903,0.2222222222222222,8
10,27.4,Equipe 2,CTDE-CAC,1,28,0.1044776119402985,0.4444444444444444,8
10,27.4,Equipe 3,CTDE-Comm,1,26,0.13,0.3333333333333333,8
10,27.5,Equipe 1,CTDE-VD,0,21,0.09251101321585903,0.2222222222222222,8
10,27.5,Equipe 2,CTDE-CAC,1,28,0.1044776119402985,0.4444444444444444,8
10,27.5,Equipe 3,CTDE-Comm,1,26,0.13,0.3333333333333333,8
10,27.6,Equipe 1,CTDE-VD,0,21,0.09251101321585903,0.2222222222222222,8
10,27.6,Equipe 2,CTDE-CAC,1,28,0.1044776119402985,0.4444444444444444,8
10,27.6,Equipe 3,CTDE-Comm,1,26,0.13,0.3333333333333333,8
10,27.7,Equipe 1,CTDE-VD,0,21,0.09251101321585903,0.2222222222222222,8
10,27.7,Equipe 2,CTDE-CAC,1,28,0.1044776119402985,0.4444444444444444,8
10,27.7,Equipe 3,CTDE-Comm,1,26,0.13,0.3333333333333333,8
10,27.8,Equipe 1,CTDE-VD,0,21,0.09251101321585903,0.2222222222222222,8
10,27.8,Equipe 2,CTDE-CAC,1,28,0.1044776119402985,0.4444444444444444,8
10,27.8,Equipe 3,CTDE-Comm,1,26,0.13,0.3333333333333333,8
10,27.9,Equipe 1,CTDE-VD,0,21,0.09251101321585903,0.2222222222222222,8
10,27.9,Equipe 2,CTDE-CAC,1,28,0.1044776119402985,0.4444444444444444,8
10,27.9,Equipe 3,CTDE-Comm,1,26,0.13,0.3333333333333333,8
10,28.0,Equipe 1,CTDE-VD,0,21,0.09251101321585903,0.2222222222222222,8
10,28.0,Equipe 2,CTDE-CAC,1,28,0.1044776119402985,0.4444444444444444,8
10,28.0,Equipe 3,CTDE-Comm,1,26,0.13,0.3333333333333333,8
10,28.1,Equipe 1,CTDE-VD,0,21,0.09251101321585903,0.2222222222222222,8
10,28.1,Equipe 2,CTDE-CAC,1,28,0.1044776119402985,0.4444444444444444,8
10,28.1,Equipe 3,CTDE-Comm,1,26,0.13,0.3333333333333333,8
10,28.2,Equipe 1,CTDE-VD,0,21,0.09251101321585903,0.2222222222222222,8
10,28.2,Equipe 2,CTDE-CAC,1,28,0.1044776119402985,0.4444444444444444,8
10,28.2,Equipe 3,CTDE-Comm,1,26,0.13,0.3333333333333333,8
10,28.3,Equipe 1,CTDE-VD,0,21,0.09251101321585903,0.2222222222222222,8
10,28.3,Equipe 2,CTDE-CAC,1,28,0.1044776119402985,0.4444444444444444,8
10,28.3,Equipe 3,CTDE-Comm,1,26,0.13,0.3333333333333333,8
10,28.4,Equipe 1,CTDE-VD,0,21,0.09251101321585903,0.2222222222222222,8
10,28.4,Equipe 2,CTDE-CAC,1,28,0.1044776119402985,0.4444444444444444,8
10,28.4,Equipe 3,CTDE-Comm,1,26,0.13,0.3333333333333333,8
10,28.5,Equipe 1,CTDE-VD,0,21,0.09251101321585903,0.2222222222222222,8
10,28.5,Equipe 2,CTDE-CAC,1,28,0.1044776119402985,0.4444444444444444,8
10,28.5,Equipe 3,CTDE-Comm,1,26,0.13,0.3333333333333333,8
10,28.6,Equipe 1,CTDE-VD,0,21,0.09251101321585903,0.2222222222222222,8
10,28.6,Equipe 2,CTDE-CAC,1,28,0.1044776119402985,0.4444444444444444,8
10,28.6,Equipe 3,CTDE-Comm,1,26,0.13,0.3333333333333333,8
10,28.7,Equipe 1,CTDE-VD,0,21,0.09251101321585903,0.2222222222222222,8
10,28.7,Equipe 2,CTDE-CAC,1,28,0.1044776119402985,0.4444444444444444,8
10,28.7,Equipe 3,CTDE-Comm,1,26,0.13,0.3333333333333333,8
10,28.8,Equipe 1,CTDE-VD,0,21,0.09251101321585903,0.2222222222222222,8
10,28.8,Equipe 2,CTDE-CAC,1,28,0.1044776119402985,0.4444444444444444,8
10,28.8,Equipe 3,CTDE-Comm,1,26,0.13,0.3333333333333333,8
10,28.9,Equipe 1,CTDE-VD,0,21,0.09251101321585903,0.2222222222222222,8
10,28.9,Equipe 2,CTDE-CAC,1,28,0.1044776119402985,0.4444444444444444,8
10,28.9,Equipe 3,CTDE-Comm,1,26,0.13,0.3333333333333333,8
10,29.0,Equipe 1,CTDE-VD,0,21,0.09251101321585903,0.2222222222222222,8
10,29.0,Equipe 2,CTDE-CAC,1,28,0.1044776119402985,0.4444444444444444,8
10,29.0,Equipe 3,CTDE-Comm,1,26,0.13,0.3333333333333333,8
10,29.1,Equipe 1,CTDE-VD,0,21,0.09251101321585903,0.2222222222222222,8
10,29.1,Equipe 2,CTDE-CAC,1,28,0.1044776119402985,0.4444444444444444,8
10,29.1,Equipe 3,CTDE-Comm,1,26,0.13,0.3333333333333333,8
10,29.2,Equipe 1,CTDE-VD,0,21,0.09251101321585903,0.2222222222222222,8
10,29.2,Equipe 2,CTDE-CAC,1,28,0.1044776119402985,0.4444444444444444,8
10,29.2,Equipe 3,CTDE-Comm,1,26,0.13,0.3333333333333333,8
10,29.3,Equipe 1,CTDE-VD,0,21,0.09251101321585903,0.2222222222222222,8
10,29.3,Equipe 2,CTDE-CAC,1,28,0.1044776119402985,0.4444444444444444,8
10,29.3,Equipe 3,CTDE-Comm,1,26,0.13,0.3333333333333333,8
10,29.4,Equipe 1,CTDE-VD,0,21,0.09251101321585903,0.2222222222222222,8
10,29.4,Equipe 2,CTDE-CAC,1,28,0.1044776119402985,0.4444444444444444,8
10,29.4,Equipe 3,CTDE-Comm,1,26,0.13,0.3333333333333333,8
10,29.5,Equipe 1,CTDE-VD,0,21,0.09251101321585903,0.2222222222222222,8
10,29.5,Equipe 2,CTDE-CAC,1,28,0.1044776119402985,0.4444444444444444,8
10,29.5,Equipe 3,CTDE-Comm,1,26,0.13,0.3333333333333333,8
10,29.6,Equipe 1,CTDE-VD,0,21,0.09251101321585903,0.2222222222222222,8
10,29.6,Equipe 2,CTDE-CAC,1,28,0.1044776119402985,0.4444444444444444,8
10,29.6,Equipe 3,CTDE-Comm,1,26,0.13,0.3333333333333333,8
10,29.7,Equipe 1,CTDE-VD,0,21,0.09251101321585903,0.2222222222222222,8
10,29.7,Equipe 2,CTDE-CAC,1,28,0.1044776119402985,0.4444444444444444,8
10,29.7,Equipe 3,CTDE-Comm,1,26,0.13,0.3333333333333333,8
10,29.8,Equipe 1,CTDE-VD,0,21,0.09251101321585903,0.2222222222222222,8
10,29.8,Equipe 2,CTDE-CAC,1,28,0.1044776119402985,0.4444444444444444,8
10,29.8,Equipe 3,CTDE-Comm,1,26,0.13,0.3333333333333333,8
10,29.9,Equipe 1,CTDE-VD,0,21,0.09251101321585903,0.2222222222222222,8
10,29.9,Equipe 2,CTDE-CAC,1,28,0.1044776119402985,0.4444444444444444,8
10,29.9,Equipe 3,CTDE-Comm,1,26,0.13,0.3333333333333333,8
10,30.0,Equipe 1,CTDE-VD,0,21,0.09251101321585903,0.2222222222222222,8
10,30.0,Equipe 2,CTDE-CAC,1,28,0.1044776119402985,0.4444444444444444,8
10,30.0,Equipe 3,CTDE-Comm,1,26,0.13,0.3333333333333333,8
10,30.1,Equipe 1,CTDE-VD,0,21,0.09251101321585903,0.2222222222222222,8
10,30.1,Equipe 2,CTDE-CAC,1,28,0.1044776119402985,0.4444444444444444,8
10,30.1,Equipe 3,CTDE-Comm,1,26,0.13,0.3333333333333333,8
10,30.2,Equipe 1,CTDE-VD,0,21,0.09251101321585903,0.2222222222222222,8
10,30.2,Equipe 2,CTDE-CAC,1,28,0.1044776119402985,0.4444444444444444,8
10,30.2,Equipe 3,CTDE-Comm,1,26,0.13,0.3333333333333333,8
10,30.3,Equipe 1,CTDE-VD,0,21,0.09251101321585903,0.2222222222222222,8
10,30.3,Equipe 2,CTDE-CAC,1,28,0.1044776119402985,0.4444444444444444,8
10,30.3,Equipe 3,CTDE-Comm,1,26,0.13,0.3333333333333333,8
10,30.4,Equipe 1,CTDE-VD,0,21,0.09251101321585903,0.2222222222222222,8
10,30.4,Equipe 2,CTDE-CAC,1,28,0.1044776119402985,0.4444444444444444,8
10,30.4,Equipe 3,CTDE-Comm,1,26,0.13,0.3333333333333333,8
10,30.5,Equipe 1,CTDE-VD,0,21,0.09251101321585903,0.2222222222222222,8
10,30.5,Equipe 2,CTDE-CAC,1,28,0.1044776119402985,0.4444444444444444,8
10,30.5,Equipe 3,CTDE-Comm,1,26,0.13,0.3333333333333333,8
10,30.6,Equipe 1,CTDE-VD,0,21,0.09251101321585903,0.2222222222222222,8
10,30.6,Equipe 2,CTDE-CAC,1,28,0.1044776119402985,0.4444444444444444,8
10,30.6,Equipe 3,CTDE-Comm,1,26,0.13,0.3333333333333333,8
10,30.7,Equipe 1,CTDE-VD,0,21,0.09251101321585903,0.2222222222222222,8
10,30.7,Equipe 2,CTDE-CAC,1,28,0.1044776119402985,0.4444444444444444,8
10,30.7,Equipe 3,CTDE-Comm,1,26,0.13,0.3333333333333333,8
10,30.8,Equipe 1,CTDE-VD,0,21,0.09251101321585903,0.2222222222222222,8
10,30.8,Equipe 2,CTDE-CAC,1,28,0.1044776119402985,0.4444444444444444,8
10,30.8,Equipe 3,CTDE-Comm,1,26,0.13,0.3333333333333333,8
10,30.9,Equipe 1,CTDE-VD,0,21,0.09251101321585903,0.2222222222222222,8
10,30.9,Equipe 2,CTDE-CAC,1,28,0.1044776119402985,0.4444444444444444,8
10,30.9,Equipe 3,CTDE-Comm,1,26,0.13,0.3333333333333333,8
10,31.0,Equipe 1,CTDE-VD,0,21,0.09251101321585903,0.2222222222222222,8
10,31.0,Equipe 2,CTDE-CAC,1,28,0.1044776119402985,0.4444444444444444,8
10,31.0,Equipe 3,CTDE-Comm,1,26,0.13,0.3333333333333333,8
10,31.1,Equipe 1,CTDE-VD,0,21,0.09251101321585903,0.2222222222222222,8
10,31.1,Equipe 2,CTDE-CAC,1,28,0.1044776119402985,0.4444444444444444,8
10,31.1,Equipe 3,CTDE-Comm,1,26,0.13,0.3333333333333333,8
10,31.2,Equipe 1,CTDE-VD,0,21,0.09251101321585903,0.2222222222222222,8
10,31.2,Equipe 2,CTDE-CAC,1,28,0.1044776119402985,0.4444444444444444,8
10,31.2,Equipe 3,CTDE-Comm,1,26,0.13,0.3333333333333333,8
10,31.3,Equipe 1,CTDE-VD,0,21,0.09251101321585903,0.2222222222222222,8
10,31.3,Equipe 2,CTDE-CAC,1,28,0.1044776119402985,0.4444444444444444,8
10,31.3,Equipe 3,CTDE-Comm,1,26,0.13,0.3333333333333333,8
10,31.4,Equipe 1,CTDE-VD,0,21,0.09251101321585903,0.2222222222222222,8
10,31.4,Equipe 2,CTDE-CAC,1,28,0.1044776119402985,0.4444444444444444,8
10,31.4,Equipe 3,CTDE-Comm,1,26,0.13,0.3333333333333333,8
10,31.5,Equipe 1,CTDE-VD,0,21,0.09251101321585903,0.2222222222222222,8
10,31.5,Equipe 2,CTDE-CAC,1,28,0.1044776119402985,0.4444444444444444,8
10,31.5,Equipe 3,CTDE-Comm,1,26,0.13,0.3333333333333333,8
10,31.6,Equipe 1,CTDE-VD,0,21,0.09251101321585903,0.2222222222222222,8
10,31.6,Equipe 2,CTDE-CAC,1,28,0.1044776119402985,0.4444444444444444,8
10,31.6,Equipe 3,CTDE-Comm,1,26,0.13,0.3333333333333333,8
10,31.7,Equipe 1,CTDE-VD,0,21,0.09251101321585903,0.2222222222222222,8
10,31.7,Equipe 2,CTDE-CAC,1,28,0.1044776119402985,0.4444444444444444,8
10,31.7,Equipe 3,CTDE-Comm,1,26,0.13,0.3333333333333333,8
10,31.8,Equipe 1,CTDE-VD,0,21,0.09251101321585903,0.2222222222222222,8
10,31.8,Equipe 2,CTDE-CAC,1,28,0.1044776119402985,0.4444444444444444,8
10,31.8,Equipe 3,CTDE-Comm,1,26,0.13,0.3333333333333333,8
10,31.9,Equipe 1,CTDE-VD,0,21,0.09251101321585903,0.2222222222222222,8
10,31.9,Equipe 2,CTDE-CAC,1,28,0.1044776119402985,0.4444444444444444,8
10,31.9,Equipe 3,CTDE-Comm,1,26,0.13,0.3333333333333333,8
10,32.0,Equipe 1,CTDE-VD,0,21,0.09251101321585903,0.2222222222222222,8
10,32.0,Equipe 2,CTDE-CAC,1,28,0.1044776119402985,0.4444444444444444,8
10,32.0,Equipe 3,CTDE-Comm,1,26,0.13,0.3333333333333333,8
10,32.1,Equipe 1,CTDE-VD,0,21,0.09251101321585903,0.2222222222222222,8
10,32.1,Equipe 2,CTDE-CAC,1,28,0.1044776119402985,0.4444444444444444,8
10,32.1,Equipe 3,CTDE-Comm,1,26,0.13,0.3333333333333333,8
10,32.2,Equipe 1,CTDE-VD,0,21,0.09251101321585903,0.2222222222222222,8
10,32.2,Equipe 2,CTDE-CAC,1,28,0.1044776119402985,0.4444444444444444,8
10,32.2,Equipe 3,CTDE-Comm,1,26,0.13,0.3333333333333333,8
10,32.3,Equipe 1,CTDE-VD,0,21,0.09251101321585903,0.2222222222222222,8
10,32.3,Equipe 2,CTDE-CAC,1,28,0.1044776119402985,0.4444444444444444,8
10,32.3,Equipe 3,CTDE-Comm,1,26,0.13,0.3333333333333333,8
10,32.4,Equipe 1,CTDE-VD,0,21,0.09251101321585903,0.2222222222222222,8
10,32.4,Equipe 2,CTDE-CAC,1,28,0.1044776119402985,0.4444444444444444,8
10,32.4,Equipe 3,CTDE-Comm,1,26,0.13,0.3333333333333333,8
10,32.5,Equipe 1,CTDE-VD,0,21,0.09251101321585903,0.2222222222222222,8
10,32.5,Equipe 2,CTDE-CAC,1,28,0.1044776119402985,0.4444444444444444,8
10,32.5,Equipe 3,CTDE-Comm,1,26,0.13,0.3333333333333333,8
10,32.6,Equipe 1,CTDE-VD,0,21,0.09251101321585903,0.2222222222222222,8
10,32.6,Equipe 2,CTDE-CAC,1,28,0.1044776119402985,0.4444444444444444,8
10,32.6,Equipe 3,CTDE-Comm,1,26,0.13,0.3333333333333333,8
10,32.7,Equipe 1,CTDE-VD,0,21,0.09251101321585903,0.2222222222222222,8
10,32.7,Equipe 2,CTDE-CAC,1,28,0.1044776119402985,0.4444444444444444,8
10,32.7,Equipe 3,CTDE-Comm,1,26,0.13,0.3333333333333333,8
10,32.8,Equipe 1,CTDE-VD,0,21,0.09251101321585903,0.2222222222222222,8
10,32.8,Equipe 2,CTDE-CAC,1,28,0.1044776119402985,0.4444444444444444,8
10,32.8,Equipe 3,CTDE-Comm,1,26,0.13,0.3333333333333333,8
10,32.9,Equipe 1,CTDE-VD,0,21,0.09251101321585903,0.2222222222222222,8
10,32.9,Equipe 2,CTDE-CAC,1,28,0.1044776119402985,0.4444444444444444,8
10,32.9,Equipe 3,CTDE-Comm,1,26,0.13,0.3333333333333333,8
10,33.0,Equipe 1,CTDE-VD,0,21,0.09251101321585903,0.2222222222222222,8
10,33.0,Equipe 2,CTDE-CAC,1,28,0.1044776119402985,0.4444444444444444,8
10,33.0,Equipe 3,CTDE-Comm,1,26,0.13,0.3333333333333333,8
10,33.1,Equipe 1,CTDE-VD,0,21,0.09251101321585903,0.2222222222222222,8
10,33.1,Equipe 2,CTDE-CAC,1,28,0.1044776119402985,0.4444444444444444,8
10,33.1,Equipe 3,CTDE-Comm,1,26,0.13,0.3333333333333333,8
10,33.2,Equipe 1,CTDE-VD,0,21,0.09251101321585903,0.2222222222222222,8
10,33.2,Equipe 2,CTDE-CAC,1,28,0.1044776119402985,0.4444444444444444,8
10,33.2,Equipe 3,CTDE-Comm,1,26,0.13,0.3333333333333333,8
10,33.3,Equipe 1,CTDE-VD,0,21,0.09251101321585903,0.2222222222222222,8
10,33.3,Equipe 2,CTDE-CAC,1,28,0.1044776119402985,0.4444444444444444,8
10,33.3,Equipe 3,CTDE-Comm,1,26,0.13,0.3333333333333333,8
10,33.4,Equipe 1,CTDE-VD,0,21,0.09251101321585903,0.2222222222222222,8
10,33.4,Equipe 2,CTDE-CAC,1,28,0.1044776119402985,0.4444444444444444,8
10,33.4,Equipe 3,CTDE-Comm,1,26,0.13,0.3333333333333333,8
10,33.5,Equipe 1,CTDE-VD,0,21,0.09251101321585903,0.2222222222222222,8
10,33.5,Equipe 2,CTDE-CAC,1,28,0.1044776119402985,0.4444444444444444,8
10,33.5,Equipe 3,CTDE-Comm,1,26,0.13,0.3333333333333333,8
10,33.6,Equipe 1,CTDE-VD,0,21,0.09251101321585903,0.2222222222222222,8
10,33.6,Equipe 2,CTDE-CAC,1,28,0.1044776119402985,0.4444444444444444,8
10,33.6,Equipe 3,CTDE-Comm,1,26,0.13,0.3333333333333333,8
10,33.7,Equipe 1,CTDE-VD,0,21,0.09251101321585903,0.2222222222222222,8
10,33.7,Equipe 2,CTDE-CAC,1,28,0.1044776119402985,0.4444444444444444,8
10,33.7,Equipe 3,CTDE-Comm,1,26,0.13,0.3333333333333333,8
10,33.8,Equipe 1,CTDE-VD,0,21,0.09251101321585903,0.2222222222222222,8
10,33.8,Equipe 2,CTDE-CAC,1,28,0.1044776119402985,0.4444444444444444,8
10,33.8,Equipe 3,CTDE-Comm,1,26,0.13,0.3333333333333333,8
10,33.9,Equipe 1,CTDE-VD,0,21,0.09251101321585903,0.2222222222222222,8
10,33.9,Equipe 2,CTDE-CAC,1,28,0.1044776119402985,0.4444444444444444,8
10,33.9,Equipe 3,CTDE-Comm,1,26,0.13,0.3333333333333333,8
10,34.0,Equipe 1,CTDE-VD,0,21,0.09251101321585903,0.2222222222222222,8
10,34.0,Equipe 2,CTDE-CAC,1,28,0.1044776119402985,0.4444444444444444,8
10,34.0,Equipe 3,CTDE-Comm,1,26,0.13,0.3333333333333333,8
10,34.1,Equipe 1,CTDE-VD,0,21,0.09251101321585903,0.2222222222222222,8
10,34.1,Equipe 2,CTDE-CAC,1,28,0.1044776119402985,0.4444444444444444,8
10,34.1,Equipe 3,CTDE-Comm,1,26,0.13,0.3333333333333333,8
10,34.2,Equipe 1,CTDE-VD,0,21,0.09251101321585903,0.2222222222222222,8
10,34.2,Equipe 2,CTDE-CAC,1,28,0.1044776119402985,0.4444444444444444,8
10,34.2,Equipe 3,CTDE-Comm,1,26,0.13,0.3333333333333333,8
10,34.3,Equipe 1,CTDE-VD,0,21,0.09251101321585903,0.2222222222222222,8
10,34.3,Equipe 2,CTDE-CAC,1,28,0.1044776119402985,0.4444444444444444,8
10,34.3,Equipe 3,CTDE-Comm,1,26,0.13,0.3333333333333333,8
10,34.4,Equipe 1,CTDE-VD,0,21,0.09251101321585903,0.2222222222222222,8
10,34.4,Equipe 2,CTDE-CAC,1,28,0.1044776119402985,0.4444444444444444,8
10,34.4,Equipe 3,CTDE-Comm,1,26,0.13,0.3333333333333333,8
10,34.5,Equipe 1,CTDE-VD,0,21,0.09251101321585903,0.2222222222222222,8
10,34.5,Equipe 2,CTDE-CAC,1,28,0.1044776119402985,0.4444444444444444,8
10,34.5,Equipe 3,CTDE-Comm,1,26,0.13,0.3333333333333333,8
10,34.6,Equipe 1,CTDE-VD,0,21,0.09251101321585903,0.2222222222222222,8
10,34.6,Equipe 2,CTDE-CAC,1,28,0.1044776119402985,0.4444444444444444,8
10,34.6,Equipe 3,CTDE-Comm,1,26,0.13,0.3333333333333333,8
10,34.7,Equipe 1,CTDE-VD,0,21,0.09251101321585903,0.2222222222222222,8
10,34.7,Equipe 2,CTDE-CAC,1,28,0.1044776119402985,0.4444444444444444,8
10,34.7,Equipe 3,CTDE-Comm,1,26,0.13,0.3333333333333333,8
10,34.8,Equipe 1,CTDE-VD,0,21,0.09251101321585903,0.2222222222222222,8
10,34.8,Equipe 2,CTDE-CAC,1,28,0.1044776119402985,0.4444444444444444,8
10,34.8,Equipe 3,CTDE-Comm,1,26,0.13,0.3333333333333333,8
10,34.9,Equipe 1,CTDE-VD,0,21,0.09251101321585903,0.2222222222222222,8
10,34.9,Equipe 2,CTDE-CAC,1,28,0.1044776119402985,0.4444444444444444,8
10,34.9,Equipe 3,CTDE-Comm,1,26,0.13,0.3333333333333333,8
10,35.0,Equipe 1,CTDE-VD,0,21,0.09251101321585903,0.2222222222222222,8
10,35.0,Equipe 2,CTDE-CAC,1,28,0.1044776119402985,0.4444444444444444,8
10,35.0,Equipe 3,CTDE-Comm,1,26,0.13,0.3333333333333333,8
10,35.1,Equipe 1,CTDE-VD,0,21,0.09251101321585903,0.2222222222222222,8
10,35.1,Equipe 2,CTDE-CAC,1,28,0.1044776119402985,0.4444444444444444,8
10,35.1,Equipe 3,CTDE-Comm,1,26,0.13,0.3333333333333333,8
10,35.2,Equipe 1,CTDE-VD,0,21,0.09251101321585903,0.2222222222222222,8
10,35.2,Equipe 2,CTDE-CAC,1,28,0.1044776119402985,0.4444444444444444,8
10,35.2,Equipe 3,CTDE-Comm,1,26,0.13,0.3333333333333333,8
10,35.3,Equipe 1,CTDE-VD,0,21,0.09251101321585903,0.2222222222222222,8
10,35.3,Equipe 2,CTDE-CAC,1,28,0.1044776119402985,0.4444444444444444,8
10,35.3,Equipe 3,CTDE-Comm,1,26,0.13,0.3333333333333333,8
10,35.4,Equipe 1,CTDE-VD,0,21,0.09251101321585903,0.2222222222222222,8
10,35.4,Equipe 2,CTDE-CAC,1,28,0.1044776119402985,0.4444444444444444,8
10,35.4,Equipe 3,CTDE-Comm,1,26,0.13,0.3333333333333333,8
10,35.5,Equipe 1,CTDE-VD,0,21,0.09251101321585903,0.2222222222222222,8
10,35.5,Equipe 2,CTDE-CAC,1,28,0.1044776119402985,0.4444444444444444,8
10,35.5,Equipe 3,CTDE-Comm,1,26,0.13,0.3333333333333333,8
10,35.6,Equipe 1,CTDE-VD,0,21,0.09251101321585903,0.2222222222222222,8
10,35.6,Equipe 2,CTDE-CAC,1,28,0.1044776119402985,0.4444444444444444,8
10,35.6,Equipe 3,CTDE-Comm,1,26,0.13,0.3333333333333333,8
10,35.7,Equipe 1,CTDE-VD,0,21,0.09251101321585903,0.2222222222222222,8
10,35.7,Equipe 2,CTDE-CAC,1,28,0.1044776119402985,0.4444444444444444,8
10,35.7,Equipe 3,CTDE-Comm,1,26,0.13,0.3333333333333333,8
10,35.8,Equipe 1,CTDE-VD,0,21,0.09251101321585903,0.2222222222222222,8
10,35.8,Equipe 2,CTDE-CAC,1,28,0.1044776119402985,0.4444444444444444,8
10,35.8,Equipe 3,CTDE-Comm,1,26,0.13,0.3333333333333333,8
10,35.9,Equipe 1,CTDE-VD,0,21,0.09251101321585903,0.2222222222222222,8
10,35.9,Equipe 2,CTDE-CAC,1,28,0.1044776119402985,0.4444444444444444,8
10,35.9,Equipe 3,CTDE-Comm,1,26,0.13,0.3333333333333333,8
10,36.0,Equipe 1,CTDE-VD,0,21,0.09251101321585903,0.2222222222222222,8
10,36.0,Equipe 2,CTDE-CAC,1,28,0.1044776119402985,0.4444444444444444,8
10,36.0,Equipe 3,CTDE-Comm,1,26,0.13,0.3333333333333333,8
10,36.1,Equipe 1,CTDE-VD,0,21,0.09251101321585903,0.2222222222222222,8
10,36.1,Equipe 2,CTDE-CAC,1,28,0.1044776119402985,0.4444444444444444,8
10,36.1,Equipe 3,CTDE-Comm,1,26,0.13,0.3333333333333333,8
10,36.2,Equipe 1,CTDE-VD,0,21,0.09251101321585903,0.2222222222222222,8
10,36.2,Equipe 2,CTDE-CAC,1,28,0.1044776119402985,0.4444444444444444,8
10,36.2,Equipe 3,CTDE-Comm,1,26,0.13,0.3333333333333333,8
10,36.3,Equipe 1,CTDE-VD,0,21,0.09251101321585903,0.2222222222222222,8
10,36.3,Equipe 2,CTDE-CAC,1,28,0.1044776119402985,0.4444444444444444,8
10,36.3,Equipe 3,CTDE-Comm,1,26,0.13,0.3333333333333333,8
10,36.4,Equipe 1,CTDE-VD,0,21,0.09251101321585903,0.2222222222222222,8
10,36.4,Equipe 2,CTDE-CAC,1,28,0.1044776119402985,0.4444444444444444,8
10,36.4,Equipe 3,CTDE-Comm,1,26,0.13,0.3333333333333333,8
10,36.5,Equipe 1,CTDE-VD,0,21,0.09251101321585903,0.2222222222222222,8
10,36.5,Equipe 2,CTDE-CAC,1,28,0.1044776119402985,0.4444444444444444,8
10,36.5,Equipe 3,CTDE-Comm,1,26,0.13,0.3333333333333333,8
10,36.6,Equipe 1,CTDE-VD,0,21,0.09251101321585903,0.2222222222222222,8
10,36.6,Equipe 2,CTDE-CAC,1,28,0.1044776119402985,0.4444444444444444,8
10,36.6,Equipe 3,CTDE-Comm,1,26,0.13,0.3333333333333333,8
10,36.7,Equipe 1,CTDE-VD,0,21,0.09251101321585903,0.2222222222222222,8
10,36.7,Equipe 2,CTDE-CAC,1,28,0.1044776119402985,0.4444444444444444,8
10,36.7,Equipe 3,CTDE-Comm,1,26,0.13,0.3333333333333333,8
10,36.8,Equipe 1,CTDE-VD,0,21,0.09251101321585903,0.2222222222222222,8
10,36.8,Equipe 2,CTDE-CAC,1,28,0.1044776119402985,0.4444444444444444,8
10,36.8,Equipe 3,CTDE-Comm,1,26,0.13,0.3333333333333333,8
10,36.9,Equipe 1,CTDE-VD,0,21,0.09251101321585903,0.2222222222222222,8
10,36.9,Equipe 2,CTDE-CAC,1,28,0.1044776119402985,0.4444444444444444,8
10,36.9,Equipe 3,CTDE-Comm,1,26,0.13,0.3333333333333333,8
10,37.0,Equipe 1,CTDE-VD,0,21,0.09251101321585903,0.2222222222222222,8
10,37.0,Equipe 2,CTDE-CAC,1,28,0.1044776119402985,0.4444444444444444,8
10,37.0,Equipe 3,CTDE-Comm,1,26,0.13,0.3333333333333333,8
10,37.1,Equipe 1,CTDE-VD,0,21,0.09251101321585903,0.2222222222222222,8
10,37.1,Equipe 2,CTDE-CAC,1,28,0.1044776119402985,0.4444444444444444,8
10,37.1,Equipe 3,CTDE-Comm,1,26,0.13,0.3333333333333333,8
10,37.2,Equipe 1,CTDE-VD,0,21,0.09251101321585903,0.2222222222222222,8
10,37.2,Equipe 2,CTDE-CAC,1,28,0.1044776119402985,0.4444444444444444,8
10,37.2,Equipe 3,CTDE-Comm,1,26,0.13,0.3333333333333333,8
10,37.3,Equipe 1,CTDE-VD,0,21,0.09251101321585903,0.2222222222222222,8
10,37.3,Equipe 2,CTDE-CAC,1,28,0.1044776119402985,0.4444444444444444,8
10,37.3,Equipe 3,CTDE-Comm,1,26,0.13,0.3333333333333333,8
10,37.4,Equipe 1,CTDE-VD,0,21,0.09251101321585903,0.2222222222222222,8
10,37.4,Equipe 2,CTDE-CAC,1,28,0.1044776119402985,0.4444444444444444,8
10,37.4,Equipe 3,CTDE-Comm,1,26,0.13,0.3333333333333333,8
10,37.5,Equipe 1,CTDE-VD,0,21,0.09251101321585903,0.2222222222222222,8
10,37.5,Equipe 2,CTDE-CAC,1,28,0.1044776119402985,0.4444444444444444,8
10,37.5,Equipe 3,CTDE-Comm,1,26,0.13,0.3333333333333333,8
10,37.6,Equipe 1,CTDE-VD,0,21,0.09251101321585903,0.2222222222222222,8
10,37.6,Equipe 2,CTDE-CAC,1,28,0.1044776119402985,0.4444444444444444,8
10,37.6,Equipe 3,CTDE-Comm,1,26,0.13,0.3333333333333333,8
10,37.7,Equipe 1,CTDE-VD,0,21,0.09251101321585903,0.2222222222222222,8
10,37.7,Equipe 2,CTDE-CAC,1,28,0.1044776119402985,0.4444444444444444,8
10,37.7,Equipe 3,CTDE-Comm,1,26,0.13,0.3333333333333333,8
10,37.8,Equipe 1,CTDE-VD,0,21,0.09251101321585903,0.2222222222222222,8
10,37.8,Equipe 2,CTDE-CAC,1,28,0.1044776119402985,0.4444444444444444,8
10,37.8,Equipe 3,CTDE-Comm,1,26,0.13,0.3333333333333333,8
10,37.9,Equipe 1,CTDE-VD,0,21,0.09251101321585903,0.2222222222222222,8
10,37.9,Equipe 2,CTDE-CAC,1,28,0.1044776119402985,0.4444444444444444,8
10,37.9,Equipe 3,CTDE-Comm,1,26,0.13,0.3333333333333333,8
10,38.0,Equipe 1,CTDE-VD,0,21,0.09251101321585903,0.2222222222222222,8
10,38.0,Equipe 2,CTDE-CAC,1,28,0.1044776119402985,0.4444444444444444,8
10,38.0,Equipe 3,CTDE-Comm,1,26,0.13,0.3333333333333333,8
10,38.1,Equipe 1,CTDE-VD,0,21,0.09251101321585903,0.2222222222222222,8
10,38.1,Equipe 2,CTDE-CAC,1,28,0.1044776119402985,0.4444444444444444,8
10,38.1,Equipe 3,CTDE-Comm,1,26,0.13,0.3333333333333333,8
10,38.2,Equipe 1,CTDE-VD,0,21,0.09251101321585903,0.2222222222222222,8
10,38.2,Equipe 2,CTDE-CAC,1,28,0.1044776119402985,0.4444444444444444,8
10,38.2,Equipe 3,CTDE-Comm,1,26,0.13,0.3333333333333333,8
10,38.3,Equipe 1,CTDE-VD,0,21,0.09251101321585903,0.2222222222222222,8
10,38.3,Equipe 2,CTDE-CAC,1,28,0.1044776119402985,0.4444444444444444,8
10,38.3,Equipe 3,CTDE-Comm,1,26,0.13,0.3333333333333333,8
10,38.4,Equipe 1,CTDE-VD,0,21,0.09251101321585903,0.2222222222222222,8
10,38.4,Equipe 2,CTDE-CAC,1,28,0.1044776119402985,0.4444444444444444,8
10,38.4,Equipe 3,CTDE-Comm,1,26,0.13,0.3333333333333333,8
10,38.5,Equipe 1,CTDE-VD,0,21,0.09251101321585903,0.2222222222222222,8
10,38.5,Equipe 2,CTDE-CAC,1,28,0.1044776119402985,0.4444444444444444,8
10,38.5,Equipe 3,CTDE-Comm,1,26,0.13,0.3333333333333333,8
10,38.6,Equipe 1,CTDE-VD,0,21,0.09251101321585903,0.2222222222222222,8
10,38.6,Equipe 2,CTDE-CAC,1,28,0.1044776119402985,0.4444444444444444,8
10,38.6,Equipe 3,CTDE-Comm,1,26,0.13,0.3333333333333333,8
10,38.7,Equipe 1,CTDE-VD,0,21,0.09251101321585903,0.2222222222222222,8
10,38.7,Equipe 2,CTDE-CAC,1,28,0.1044776119402985,0.4444444444444444,8
10,38.7,Equipe 3,CTDE-Comm,1,26,0.13,0.3333333333333333,8
10,38.8,Equipe 1,CTDE-VD,0,21,0.09251101321585903,0.2222222222222222,8
10,38.8,Equipe 2,CTDE-CAC,1,28,0.1044776119402985,0.4444444444444444,8
10,38.8,Equipe 3,CTDE-Comm,1,26,0.13,0.3333333333333333,8
10,38.9,Equipe 1,CTDE-VD,0,21,0.09251101321585903,0.2222222222222222,8
10,38.9,Equipe 2,CTDE-CAC,1,28,0.1044776119402985,0.4444444444444444,8
10,38.9,Equipe 3,CTDE-Comm,1,26,0.13,0.3333333333333333,8
10,39.0,Equipe 1,CTDE-VD,0,21,0.09251101321585903,0.2222222222222222,8
10,39.0,Equipe 2,CTDE-CAC,1,28,0.1044776119402985,0.4444444444444444,8
10,39.0,Equipe 3,CTDE-Comm,1,26,0.13,0.3333333333333333,8
10,39.1,Equipe 1,CTDE-VD,0,21,0.09251101321585903,0.2222222222222222,8
10,39.1,Equipe 2,CTDE-CAC,1,28,0.1044776119402985,0.4444444444444444,8
10,39.1,Equipe 3,CTDE-Comm,1,26,0.13,0.3333333333333333,8
10,39.2,Equipe 1,CTDE-VD,0,21,0.09251101321585903,0.2222222222222222,8
10,39.2,Equipe 2,CTDE-CAC,1,28,0.1044776119402985,0.4444444444444444,8
10,39.2,Equipe 3,CTDE-Comm,1,26,0.13,0.3333333333333333,8
10,39.3,Equipe 1,CTDE-VD,0,21,0.09251101321585903,0.2222222222222222,8
10,39.3,Equipe 2,CTDE-CAC,1,28,0.1044776119402985,0.4444444444444444,8
10,39.3,Equipe 3,CTDE-Comm,1,26,0.13,0.3333333333333333,8
10,39.4,Equipe 1,CTDE-VD,0,21,0.09251101321585903,0.2222222222222222,8
10,39.4,Equipe 2,CTDE-CAC,1,28,0.1044776119402985,0.4444444444444444,8
10,39.4,Equipe 3,CTDE-Comm,1,26,0.13,0.3333333333333333,8
10,39.5,Equipe 1,CTDE-VD,0,21,0.09251101321585903,0.2222222222222222,8
10,39.5,Equipe 2,CTDE-CAC,1,28,0.1044776119402985,0.4444444444444444,8
10,39.5,Equipe 3,CTDE-Comm,1,26,0.13,0.3333333333333333,8
10,39.6,Equipe 1,CTDE-VD,0,21,0.09251101321585903,0.2222222222222222,8
10,39.6,Equipe 2,CTDE-CAC,1,28,0.1044776119402985,0.4444444444444444,8
10,39.6,Equipe 3,CTDE-Comm,1,26,0.13,0.3333333333333333,8
10,39.7,Equipe 1,CTDE-VD,0,21,0.09251101321585903,0.2222222222222222,8
10,39.7,Equipe 2,CTDE-CAC,1,28,0.1044776119402985,0.4444444444444444,8
10,39.7,Equipe 3,CTDE-Comm,1,26,0.13,0.3333333333333333,8
10,39.8,Equipe 1,CTDE-VD,0,21,0.09251101321585903,0.2222222222222222,8
10,39.8,Equipe 2,CTDE-CAC,1,28,0.1044776119402985,0.4444444444444444,8
10,39.8,Equipe 3,CTDE-Comm,1,26,0.13,0.3333333333333333,8
10,39.9,Equipe 1,CTDE-VD,0,21,0.09251101321585903,0.2222222222222222,8
10,39.9,Equipe 2,CTDE-CAC,1,28,0.1044776119402985,0.4444444444444444,8
10,39.9,Equipe 3,CTDE-Comm,1,26,0.13,0.3333333333333333,8
10,40.0,Equipe 1,CTDE-VD,0,21,0.09251101321585903,0.2222222222222222,8
10,40.0,Equipe 2,CTDE-CAC,1,28,0.1044776119402985,0.4444444444444444,8
10,40.0,Equipe 3,CTDE-Comm,1,26,0.13,0.3333333333333333,8
10,40.1,Equipe 1,CTDE-VD,0,21,0.09251101321585903,0.2222222222222222,8
10,40.1,Equipe 2,CTDE-CAC,1,28,0.1044776119402985,0.4444444444444444,8
10,40.1,Equipe 3,CTDE-Comm,1,26,0.13,0.3333333333333333,8
10,40.2,Equipe 1,CTDE-VD,0,21,0.09251101321585903,0.2222222222222222,8
10,40.2,Equipe 2,CTDE-CAC,1,28,0.1044776119402985,0.4444444444444444,8
10,40.2,Equipe 3,CTDE-Comm,1,26,0.13,0.3333333333333333,8
10,40.3,Equipe 1,CTDE-VD,0,21,0.09251101321585903,0.2222222222222222,8
10,40.3,Equipe 2,CTDE-CAC,1,28,0.1044776119402985,0.4444444444444444,8
10,40.3,Equipe 3,CTDE-Comm,1,26,0.13,0.3333333333333333,8
10,40.4,Equipe 1,CTDE-VD,0,21,0.09251101321585903,0.2222222222222222,8
10,40.4,Equipe 2,CTDE-CAC,1,28,0.1044776119402985,0.4444444444444444,8
10,40.4,Equipe 3,CTDE-Comm,1,26,0.13,0.3333333333333333,8
10,40.5,Equipe 1,CTDE-VD,0,21,0.09251101321585903,0.2222222222222222,8
10,40.5,Equipe 2,CTDE-CAC,1,28,0.1044776119402985,0.4444444444444444,8
10,40.5,Equipe 3,CTDE-Comm,1,26,0.13,0.3333333333333333,8
10,40.6,Equipe 1,CTDE-VD,0,21,0.09251101321585903,0.2222222222222222,8
10,40.6,Equipe 2,CTDE-CAC,1,28,0.1044776119402985,0.4444444444444444,8
10,40.6,Equipe 3,CTDE-Comm,1,26,0.13,0.3333333333333333,8
10,40.7,Equipe 1,CTDE-VD,0,21,0.09251101321585903,0.2222222222222222,8
10,40.7,Equipe 2,CTDE-CAC,1,28,0.1044776119402985,0.4444444444444444,8
10,40.7,Equipe 3,CTDE-Comm,1,26,0.13,0.3333333333333333,8
10,40.8,Equipe 1,CTDE-VD,0,21,0.09251101321585903,0.2222222222222222,8
10,40.8,Equipe 2,CTDE-CAC,1,28,0.1044776119402985,0.4444444444444444,8
10,40.8,Equipe 3,CTDE-Comm,1,26,0.13,0.3333333333333333,8
10,40.9,Equipe 1,CTDE-VD,0,21,0.09251101321585903,0.2222222222222222,8
10,40.9,Equipe 2,CTDE-CAC,1,28,0.1044776119402985,0.4444444444444444,8
10,40.9,Equipe 3,CTDE-Comm,1,26,0.13,0.3333333333333333,8
10,41.0,Equipe 1,CTDE-VD,0,21,0.09251101321585903,0.2222222222222222,8
10,41.0,Equipe 2,CTDE-CAC,1,28,0.1044776119402985,0.4444444444444444,8
10,41.0,Equipe 3,CTDE-Comm,1,26,0.13,0.3333333333333333,8
10,41.1,Equipe 1,CTDE-VD,0,21,0.09251101321585903,0.2222222222222222,8
10,41.1,Equipe 2,CTDE-CAC,1,28,0.1044776119402985,0.4444444444444444,8
10,41.1,Equipe 3,CTDE-Comm,1,26,0.13,0.3333333333333333,8
10,41.2,Equipe 1,CTDE-VD,0,21,0.09251101321585903,0.2222222222222222,8
10,41.2,Equipe 2,CTDE-CAC,1,28,0.1044776119402985,0.4444444444444444,8
10,41.2,Equipe 3,CTDE-Comm,1,26,0.13,0.3333333333333333,8
10,41.3,Equipe 1,CTDE-VD,0,21,0.09251101321585903,0.2222222222222222,8
10,41.3,Equipe 2,CTDE-CAC,1,28,0.1044776119402985,0.4444444444444444,8
10,41.3,Equipe 3,CTDE-Comm,1,26,0.13,0.3333333333333333,8
10,41.4,Equipe 1,CTDE-VD,0,21,0.09251101321585903,0.2222222222222222,8
10,41.4,Equipe 2,CTDE-CAC,1,28,0.1044776119402985,0.4444444444444444,8
10,41.4,Equipe 3,CTDE-Comm,1,26,0.13,0.3333333333333333,8
10,41.5,Equipe 1,CTDE-VD,0,21,0.09251101321585903,0.2222222222222222,8
10,41.5,Equipe 2,CTDE-CAC,1,28,0.1044776119402985,0.4444444444444444,8
10,41.5,Equipe 3,CTDE-Comm,1,26,0.13,0.3333333333333333,8
10,41.6,Equipe 1,CTDE-VD,0,21,0.09251101321585903,0.2222222222222222,8
10,41.6,Equipe 2,CTDE-CAC,1,28,0.1044776119402985,0.4444444444444444,8
10,41.6,Equipe 3,CTDE-Comm,1,26,0.13,0.3333333333333333,8
10,41.7,Equipe 1,CTDE-VD,0,21,0.09251101321585903,0.2222222222222222,8
10,41.7,Equipe 2,CTDE-CAC,1,28,0.1044776119402985,0.4444444444444444,8
10,41.7,Equipe 3,CTDE-Comm,1,26,0.13,0.3333333333333333,8
10,41.8,Equipe 1,CTDE-VD,0,21,0.09251101321585903,0.2222222222222222,8
10,41.8,Equipe 2,CTDE-CAC,1,28,0.1044776119402985,0.4444444444444444,8
10,41.8,Equipe 3,CTDE-Comm,1,26,0.13,0.3333333333333333,8
10,41.9,Equipe 1,CTDE-VD,0,21,0.09251101321585903,0.2222222222222222,8
10,41.9,Equipe 2,CTDE-CAC,1,28,0.1044776119402985,0.4444444444444444,8
10,41.9,Equipe 3,CTDE-Comm,1,26,0.13,0.3333333333333333,8
10,42.0,Equipe 1,CTDE-VD,0,21,0.09251101321585903,0.2222222222222222,8
10,42.0,Equipe 2,CTDE-CAC,1,28,0.1044776119402985,0.4444444444444444,8
10,42.0,Equipe 3,CTDE-Comm,1,26,0.13,0.3333333333333333,8
10,42.1,Equipe 1,CTDE-VD,0,21,0.09251101321585903,0.2222222222222222,8
10,42.1,Equipe 2,CTDE-CAC,1,28,0.1044776119402985,0.4444444444444444,8
10,42.1,Equipe 3,CTDE-Comm,1,26,0.13,0.3333333333333333,8
10,42.2,Equipe 1,CTDE-VD,0,21,0.09251101321585903,0.2222222222222222,8
10,42.2,Equipe 2,CTDE-CAC,1,28,0.1044776119402985,0.4444444444444444,8
10,42.2,Equipe 3,CTDE-Comm,1,26,0.13,0.3333333333333333,8
10,42.3,Equipe 1,CTDE-VD,0,21,0.09251101321585903,0.2222222222222222,8
10,42.3,Equipe 2,CTDE-CAC,1,28,0.1044776119402985,0.4444444444444444,8
10,42.3,Equipe 3,CTDE-Comm,1,26,0.13,0.3333333333333333,8
10,42.4,Equipe 1,CTDE-VD,0,21,0.09251101321585903,0.2222222222222222,8
10,42.4,Equipe 2,CTDE-CAC,1,28,0.1044776119402985,0.4444444444444444,8
10,42.4,Equipe 3,CTDE-Comm,1,26,0.13,0.3333333333333333,8
10,42.5,Equipe 1,CTDE-VD,0,21,0.09251101321585903,0.2222222222222222,8
10,42.5,Equipe 2,CTDE-CAC,1,28,0.1044776119402985,0.4444444444444444,8
10,42.5,Equipe 3,CTDE-Comm,1,26,0.13,0.3333333333333333,8
10,42.6,Equipe 1,CTDE-VD,0,21,0.09251101321585903,0.2222222222222222,8
10,42.6,Equipe 2,CTDE-CAC,1,28,0.1044776119402985,0.4444444444444444,8
10,42.6,Equipe 3,CTDE-Comm,1,26,0.13,0.3333333333333333,8
10,42.7,Equipe 1,CTDE-VD,0,21,0.09251101321585903,0.2222222222222222,8
10,42.7,Equipe 2,CTDE-CAC,1,28,0.1044776119402985,0.4444444444444444,8
10,42.7,Equipe 3,CTDE-Comm,1,26,0.13,0.3333333333333333,8
10,42.8,Equipe 1,CTDE-VD,0,21,0.09251101321585903,0.2222222222222222,8
10,42.8,Equipe 2,CTDE-CAC,1,28,0.1044776119402985,0.4444444444444444,8
10,42.8,Equipe 3,CTDE-Comm,1,26,0.13,0.3333333333333333,8
10,42.9,Equipe 1,CTDE-VD,0,21,0.09251101321585903,0.2222222222222222,8
10,42.9,Equipe 2,CTDE-CAC,1,28,0.1044776119402985,0.4444444444444444,8
10,42.9,Equipe 3,CTDE-Comm,1,26,0.13,0.3333333333333333,8
10,43.0,Equipe 1,CTDE-VD,0,21,0.09251101321585903,0.2222222222222222,8
10,43.0,Equipe 2,CTDE-CAC,1,28,0.1044776119402985,0.4444444444444444,8
10,43.0,Equipe 3,CTDE-Comm,1,26,0.13,0.3333333333333333,8
10,43.1,Equipe 1,CTDE-VD,0,21,0.09251101321585903,0.2222222222222222,8
10,43.1,Equipe 2,CTDE-CAC,1,28,0.1044776119402985,0.4444444444444444,8
10,43.1,Equipe 3,CTDE-Comm,1,26,0.13,0.3333333333333333,8
10,43.2,Equipe 1,CTDE-VD,0,21,0.09251101321585903,0.2222222222222222,8
10,43.2,Equipe 2,CTDE-CAC,1,28,0.1044776119402985,0.4444444444444444,8
10,43.2,Equipe 3,CTDE-Comm,1,26,0.13,0.3333333333333333,8
10,43.3,Equipe 1,CTDE-VD,0,21,0.09251101321585903,0.2222222222222222,8
10,43.3,Equipe 2,CTDE-CAC,1,28,0.1044776119402985,0.4444444444444444,8
10,43.3,Equipe 3,CTDE-Comm,1,26,0.13,0.3333333333333333,8
10,43.4,Equipe 1,CTDE-VD,0,21,0.09251101321585903,0.2222222222222222,8
10,43.4,Equipe 2,CTDE-CAC,1,28,0.1044776119402985,0.4444444444444444,8
10,43.4,Equipe 3,CTDE-Comm,1,26,0.13,0.3333333333333333,8
10,43.5,Equipe 1,CTDE-VD,0,21,0.09251101321585903,0.2222222222222222,8
10,43.5,Equipe 2,CTDE-CAC,1,28,0.1044776119402985,0.4444444444444444,8
10,43.5,Equipe 3,CTDE-Comm,1,26,0.13,0.3333333333333333,8
10,43.6,Equipe 1,CTDE-VD,0,21,0.09251101321585903,0.2222222222222222,8
10,43.6,Equipe 2,CTDE-CAC,1,28,0.1044776119402985,0.4444444444444444,8
10,43.6,Equipe 3,CTDE-Comm,1,26,0.13,0.3333333333333333,8
10,43.7,Equipe 1,CTDE-VD,0,21,0.09251101321585903,0.2222222222222222,8
10,43.7,Equipe 2,CTDE-CAC,1,28,0.1044776119402985,0.4444444444444444,8
10,43.7,Equipe 3,CTDE-Comm,1,26,0.13,0.3333333333333333,8
10,43.8,Equipe 1,CTDE-VD,0,21,0.09251101321585903,0.2222222222222222,8
10,43.8,Equipe 2,CTDE-CAC,1,28,0.1044776119402985,0.4444444444444444,8
10,43.8,Equipe 3,CTDE-Comm,1,26,0.13,0.3333333333333333,8
10,43.9,Equipe 1,CTDE-VD,0,21,0.09251101321585903,0.2222222222222222,8
10,43.9,Equipe 2,CTDE-CAC,1,28,0.1044776119402985,0.4444444444444444,8
10,43.9,Equipe 3,CTDE-Comm,1,26,0.13,0.3333333333333333,8
10,44.0,Equipe 1,CTDE-VD,0,21,0.09251101321585903,0.2222222222222222,8
10,44.0,Equipe 2,CTDE-CAC,1,28,0.1044776119402985,0.4444444444444444,8
10,44.0,Equipe 3,CTDE-Comm,1,26,0.13,0.3333333333333333,8
10,44.1,Equipe 1,CTDE-VD,0,21,0.09251101321585903,0.2222222222222222,8
10,44.1,Equipe 2,CTDE-CAC,1,28,0.1044776119402985,0.4444444444444444,8
10,44.1,Equipe 3,CTDE-Comm,1,26,0.13,0.3333333333333333,8
10,44.2,Equipe 1,CTDE-VD,0,21,0.09251101321585903,0.2222222222222222,8
10,44.2,Equipe 2,CTDE-CAC,1,28,0.1044776119402985,0.4444444444444444,8
10,44.2,Equipe 3,CTDE-Comm,1,26,0.13,0.3333333333333333,8
10,44.3,Equipe 1,CTDE-VD,0,21,0.09251101321585903,0.2222222222222222,8
10,44.3,Equipe 2,CTDE-CAC,1,28,0.1044776119402985,0.4444444444444444,8
10,44.3,Equipe 3,CTDE-Comm,1,26,0.13,0.3333333333333333,8
10,44.4,Equipe 1,CTDE-VD,0,21,0.09251101321585903,0.2222222222222222,8
10,44.4,Equipe 2,CTDE-CAC,1,28,0.1044776119402985,0.4444444444444444,8
10,44.4,Equipe 3,CTDE-Comm,1,26,0.13,0.3333333333333333,8
10,44.5,Equipe 1,CTDE-VD,0,21,0.09251101321585903,0.2222222222222222,8
10,44.5,Equipe 2,CTDE-CAC,1,28,0.1044776119402985,0.4444444444444444,8
10,44.5,Equipe 3,CTDE-Comm,1,26,0.13,0.3333333333333333,8
10,44.6,Equipe 1,CTDE-VD,0,21,0.09251101321585903,0.2222222222222222,8
10,44.6,Equipe 2,CTDE-CAC,1,28,0.1044776119402985,0.4444444444444444,8
10,44.6,Equipe 3,CTDE-Comm,1,26,0.13,0.3333333333333333,8
10,44.7,Equipe 1,CTDE-VD,0,21,0.09251101321585903,0.2222222222222222,8
10,44.7,Equipe 2,CTDE-CAC,1,28,0.1044776119402985,0.4444444444444444,8
10,44.7,Equipe 3,CTDE-Comm,1,26,0.13,0.3333333333333333,8
10,44.8,Equipe 1,CTDE-VD,0,21,0.09251101321585903,0.2222222222222222,8
10,44.8,Equipe 2,CTDE-CAC,1,28,0.1044776119402985,0.4444444444444444,8
10,44.8,Equipe 3,CTDE-Comm,1,26,0.13,0.3333333333333333,8
10,44.9,Equipe 1,CTDE-VD,0,21,0.09251101321585903,0.2222222222222222,8
10,44.9,Equipe 2,CTDE-CAC,1,28,0.1044776119402985,0.4444444444444444,8
10,44.9,Equipe 3,CTDE-Comm,1,26,0.13,0.3333333333333333,8
10,45.0,Equipe 1,CTDE-VD,0,21,0.09251101321585903,0.2222222222222222,8
10,45.0,Equipe 2,CTDE-CAC,1,28,0.1044776119402985,0.4444444444444444,8
10,45.0,Equipe 3,CTDE-Comm,1,26,0.13,0.3333333333333333,8
10,45.1,Equipe 1,CTDE-VD,0,21,0.09251101321585903,0.2222222222222222,8
10,45.1,Equipe 2,CTDE-CAC,1,28,0.1044776119402985,0.4444444444444444,8
10,45.1,Equipe 3,CTDE-Comm,1,26,0.13,0.3333333333333333,8
10,45.2,Equipe 1,CTDE-VD,0,21,0.09251101321585903,0.2222222222222222,8
10,45.2,Equipe 2,CTDE-CAC,1,28,0.1044776119402985,0.4444444444444444,8
10,45.2,Equipe 3,CTDE-Comm,1,26,0.13,0.3333333333333333,8
10,45.3,Equipe 1,CTDE-VD,0,21,0.09251101321585903,0.2222222222222222,8
10,45.3,Equipe 2,CTDE-CAC,1,28,0.1044776119402985,0.4444444444444444,8
10,45.3,Equipe 3,CTDE-Comm,1,26,0.13,0.3333333333333333,8
10,45.4,Equipe 1,CTDE-VD,0,21,0.09251101321585903,0.2222222222222222,8
10,45.4,Equipe 2,CTDE-CAC,1,28,0.1044776119402985,0.4444444444444444,8
10,45.4,Equipe 3,CTDE-Comm,1,26,0.13,0.3333333333333333,8
10,45.5,Equipe 1,CTDE-VD,0,21,0.09251101321585903,0.2222222222222222,8
10,45.5,Equipe 2,CTDE-CAC,1,28,0.1044776119402985,0.4444444444444444,8
10,45.5,Equipe 3,CTDE-Comm,1,26,0.13,0.3333333333333333,8
10,45.6,Equipe 1,CTDE-VD,0,21,0.09251101321585903,0.2222222222222222,8
10,45.6,Equipe 2,CTDE-CAC,1,28,0.1044776119402985,0.4444444444444444,8
10,45.6,Equipe 3,CTDE-Comm,1,26,0.13,0.3333333333333333,8
10,45.7,Equipe 1,CTDE-VD,0,21,0.09251101321585903,0.2222222222222222,8
10,45.7,Equipe 2,CTDE-CAC,1,28,0.1044776119402985,0.4444444444444444,8
10,45.7,Equipe 3,CTDE-Comm,1,26,0.13,0.3333333333333333,8
10,45.8,Equipe 1,CTDE-VD,0,21,0.09251101321585903,0.2222222222222222,8
10,45.8,Equipe 2,CTDE-CAC,1,28,0.1044776119402985,0.4444444444444444,8
10,45.8,Equipe 3,CTDE-Comm,1,26,0.13,0.3333333333333333,8
10,45.9,Equipe 1,CTDE-VD,0,21,0.09251101321585903,0.2222222222222222,8
10,45.9,Equipe 2,CTDE-CAC,1,28,0.1044776119402985,0.4444444444444444,8
10,45.9,Equipe 3,CTDE-Comm,1,26,0.13,0.3333333333333333,8
10,46.0,Equipe 1,CTDE-VD,0,21,0.09251101321585903,0.2222222222222222,8
10,46.0,Equipe 2,CTDE-CAC,1,28,0.1044776119402985,0.4444444444444444,8
10,46.0,Equipe 3,CTDE-Comm,1,26,0.13,0.3333333333333333,8
10,46.1,Equipe 1,CTDE-VD,0,21,0.09251101321585903,0.2222222222222222,8
10,46.1,Equipe 2,CTDE-CAC,1,28,0.1044776119402985,0.4444444444444444,8
10,46.1,Equipe 3,CTDE-Comm,1,26,0.13,0.3333333333333333,8
10,46.2,Equipe 1,CTDE-VD,0,21,0.09251101321585903,0.2222222222222222,8
10,46.2,Equipe 2,CTDE-CAC,1,28,0.1044776119402985,0.4444444444444444,8
10,46.2,Equipe 3,CTDE-Comm,1,26,0.13,0.3333333333333333,8
10,46.3,Equipe 1,CTDE-VD,0,21,0.09251101321585903,0.2222222222222222,8
10,46.3,Equipe 2,CTDE-CAC,1,28,0.1044776119402985,0.4444444444444444,8
10,46.3,Equipe 3,CTDE-Comm,1,26,0.13,0.3333333333333333,8
10,46.4,Equipe 1,CTDE-VD,0,21,0.09251101321585903,0.2222222222222222,8
10,46.4,Equipe 2,CTDE-CAC,1,28,0.1044776119402985,0.4444444444444444,8
10,46.4,Equipe 3,CTDE-Comm,1,26,0.13,0.3333333333333333,8
10,46.5,Equipe 1,CTDE-VD,0,21,0.09251101321585903,0.2222222222222222,8
10,46.5,Equipe 2,CTDE-CAC,1,28,0.1044776119402985,0.4444444444444444,8
10,46.5,Equipe 3,CTDE-Comm,1,26,0.13,0.3333333333333333,8
10,46.6,Equipe 1,CTDE-VD,0,21,0.09251101321585903,0.2222222222222222,8
10,46.6,Equipe 2,CTDE-CAC,1,28,0.1044776119402985,0.4444444444444444,8
10,46.6,Equipe 3,CTDE-Comm,1,26,0.13,0.3333333333333333,8
10,46.7,Equipe 1,CTDE-VD,0,21,0.09251101321585903,0.2222222222222222,8
10,46.7,Equipe 2,CTDE-CAC,1,28,0.1044776119402985,0.4444444444444444,8
10,46.7,Equipe 3,CTDE-Comm,1,26,0.13,0.3333333333333333,8
10,46.8,Equipe 1,CTDE-VD,0,21,0.09251101321585903,0.2222222222222222,8
10,46.8,Equipe 2,CTDE-CAC,1,28,0.1044776119402985,0.4444444444444444,8
10,46.8,Equipe 3,CTDE-Comm,1,26,0.13,0.3333333333333333,8
10,46.9,Equipe 1,CTDE-VD,0,21,0.09251101321585903,0.2222222222222222,8
10,46.9,Equipe 2,CTDE-CAC,1,28,0.1044776119402985,0.4444444444444444,8
10,46.9,Equipe 3,CTDE-Comm,1,26,0.13,0.3333333333333333,8
10,47.0,Equipe 1,CTDE-VD,0,21,0.09251101321585903,0.2222222222222222,8
10,47.0,Equipe 2,CTDE-CAC,1,28,0.1044776119402985,0.4444444444444444,8
10,47.0,Equipe 3,CTDE-Comm,1,26,0.13,0.3333333333333333,8
10,47.1,Equipe 1,CTDE-VD,0,21,0.09251101321585903,0.2222222222222222,8
10,47.1,Equipe 2,CTDE-CAC,1,28,0.1044776119402985,0.4444444444444444,8
10,47.1,Equipe 3,CTDE-Comm,1,26,0.13,0.3333333333333333,8
10,47.2,Equipe 1,CTDE-VD,0,21,0.09251101321585903,0.2222222222222222,8
10,47.2,Equipe 2,CTDE-CAC,1,28,0.1044776119402985,0.4444444444444444,8
10,47.2,Equipe 3,CTDE-Comm,1,26,0.13,0.3333333333333333,8
10,47.3,Equipe 1,CTDE-VD,0,21,0.09251101321585903,0.2222222222222222,8
10,47.3,Equipe 2,CTDE-CAC,1,28,0.1044776119402985,0.4444444444444444,8
10,47.3,Equipe 3,CTDE-Comm,1,26,0.13,0.3333333333333333,8
10,47.4,Equipe 1,CTDE-VD,0,21,0.09251101321585903,0.2222222222222222,8
10,47.4,Equipe 2,CTDE-CAC,1,28,0.1044776119402985,0.4444444444444444,8
10,47.4,Equipe 3,CTDE-Comm,1,26,0.13,0.3333333333333333,8
10,47.5,Equipe 1,CTDE-VD,0,21,0.09251101321585903,0.2222222222222222,8
10,47.5,Equipe 2,CTDE-CAC,1,28,0.1044776119402985,0.4444444444444444,8
10,47.5,Equipe 3,CTDE-Comm,1,26,0.13,0.3333333333333333,8
10,47.6,Equipe 1,CTDE-VD,0,21,0.09251101321585903,0.2222222222222222,8
10,47.6,Equipe 2,CTDE-CAC,1,28,0.1044776119402985,0.4444444444444444,8
10,47.6,Equipe 3,CTDE-Comm,1,26,0.13,0.3333333333333333,8
10,47.7,Equipe 1,CTDE-VD,0,21,0.09251101321585903,0.2222222222222222,8
10,47.7,Equipe 2,CTDE-CAC,1,28,0.1044776119402985,0.4444444444444444,8
10,47.7,Equipe 3,CTDE-Comm,1,26,0.13,0.3333333333333333,8
10,47.8,Equipe 1,CTDE-VD,0,21,0.09251101321585903,0.2222222222222222,8
10,47.8,Equipe 2,CTDE-CAC,1,28,0.1044776119402985,0.4444444444444444,8
10,47.8,Equipe 3,CTDE-Comm,1,26,0.13,0.3333333333333333,8
10,47.9,Equipe 1,CTDE-VD,0,21,0.09251101321585903,0.2222222222222222,8
10,47.9,Equipe 2,CTDE-CAC,1,28,0.1044776119402985,0.4444444444444444,8
10,47.9,Equipe 3,CTDE-Comm,1,26,0.13,0.3333333333333333,8
10,48.0,Equipe 1,CTDE-VD,0,21,0.09251101321585903,0.2222222222222222,8
10,48.0,Equipe 2,CTDE-CAC,1,28,0.1044776119402985,0.4444444444444444,8
10,48.0,Equipe 3,CTDE-Comm,1,26,0.13,0.3333333333333333,8
10,48.1,Equipe 1,CTDE-VD,0,21,0.09251101321585903,0.2222222222222222,8
10,48.1,Equipe 2,CTDE-CAC,1,28,0.1044776119402985,0.4444444444444444,8
10,48.1,Equipe 3,CTDE-Comm,1,26,0.13,0.3333333333333333,8
10,48.2,Equipe 1,CTDE-VD,0,21,0.09251101321585903,0.2222222222222222,8
10,48.2,Equipe 2,CTDE-CAC,1,28,0.1044776119402985,0.4444444444444444,8
10,48.2,Equipe 3,CTDE-Comm,1,26,0.13,0.3333333333333333,8
10,48.3,Equipe 1,CTDE-VD,0,21,0.09251101321585903,0.2222222222222222,8
10,48.3,Equipe 2,CTDE-CAC,1,28,0.1044776119402985,0.4444444444444444,8
10,48.3,Equipe 3,CTDE-Comm,1,26,0.13,0.3333333333333333,8
10,48.4,Equipe 1,CTDE-VD,0,21,0.09251101321585903,0.2222222222222222,8
10,48.4,Equipe 2,CTDE-CAC,1,28,0.1044776119402985,0.4444444444444444,8
10,48.4,Equipe 3,CTDE-Comm,1,26,0.13,0.3333333333333333,8
10,48.5,Equipe 1,CTDE-VD,0,21,0.09251101321585903,0.2222222222222222,8
10,48.5,Equipe 2,CTDE-CAC,1,28,0.1044776119402985,0.4444444444444444,8
10,48.5,Equipe 3,CTDE-Comm,1,26,0.13,0.3333333333333333,8
10,48.6,Equipe 1,CTDE-VD,0,21,0.09251101321585903,0.2222222222222222,8
10,48.6,Equipe 2,CTDE-CAC,1,28,0.1044776119402985,0.4444444444444444,8
10,48.6,Equipe 3,CTDE-Comm,1,26,0.13,0.3333333333333333,8
10,48.7,Equipe 1,CTDE-VD,0,21,0.09251101321585903,0.2222222222222222,8
10,48.7,Equipe 2,CTDE-CAC,1,28,0.1044776119402985,0.4444444444444444,8
10,48.7,Equipe 3,CTDE-Comm,1,26,0.13,0.3333333333333333,8
10,48.8,Equipe 1,CTDE-VD,0,21,0.09251101321585903,0.2222222222222222,8
10,48.8,Equipe 2,CTDE-CAC,1,28,0.1044776119402985,0.4444444444444444,8
10,48.8,Equipe 3,CTDE-Comm,1,26,0.13,0.3333333333333333,8
10,48.9,Equipe 1,CTDE-VD,0,21,0.09251101321585903,0.2222222222222222,8
10,48.9,Equipe 2,CTDE-CAC,1,28,0.1044776119402985,0.4444444444444444,8
10,48.9,Equipe 3,CTDE-Comm,1,26,0.13,0.3333333333333333,8
10,49.0,Equipe 1,CTDE-VD,0,21,0.09251101321585903,0.2222222222222222,8
10,49.0,Equipe 2,CTDE-CAC,1,28,0.1044776119402985,0.4444444444444444,8
10,49.0,Equipe 3,CTDE-Comm,1,26,0.13,0.3333333333333333,8
10,49.1,Equipe 1,CTDE-VD,0,21,0.09251101321585903,0.2222222222222222,8
10,49.1,Equipe 2,CTDE-CAC,1,28,0.1044776119402985,0.4444444444444444,8
10,49.1,Equipe 3,CTDE-Comm,1,26,0.13,0.3333333333333333,8
10,49.2,Equipe 1,CTDE-VD,0,21,0.09251101321585903,0.2222222222222222,8
10,49.2,Equipe 2,CTDE-CAC,1,28,0.1044776119402985,0.4444444444444444,8
10,49.2,Equipe 3,CTDE-Comm,1,26,0.13,0.3333333333333333,8
10,49.3,Equipe 1,CTDE-VD,0,21,0.09251101321585903,0.2222222222222222,8
10,49.3,Equipe 2,CTDE-CAC,1,28,0.1044776119402985,0.4444444444444444,8
10,49.3,Equipe 3,CTDE-Comm,1,26,0.13,0.3333333333333333,8
10,49.4,Equipe 1,CTDE-VD,0,21,0.09251101321585903,0.2222222222222222,8
10,49.4,Equipe 2,CTDE-CAC,1,28,0.1044776119402985,0.4444444444444444,8
10,49.4,Equipe 3,CTDE-Comm,1,26,0.13,0.3333333333333333,8
10,49.5,Equipe 1,CTDE-VD,0,21,0.09251101321585903,0.2222222222222222,8
10,49.5,Equipe 2,CTDE-CAC,1,28,0.1044776119402985,0.4444444444444444,8
10,49.5,Equipe 3,CTDE-Comm,1,26,0.13,0.3333333333333333,8
10,49.6,Equipe 1,CTDE-VD,0,21,0.09251101321585903,0.2222222222222222,8
10,49.6,Equipe 2,CTDE-CAC,1,28,0.1044776119402985,0.4444444444444444,8
10,49.6,Equipe 3,CTDE-Comm,1,26,0.13,0.3333333333333333,8
10,49.7,Equipe 1,CTDE-VD,0,21,0.09251101321585903,0.2222222222222222,8
10,49.7,Equipe 2,CTDE-CAC,1,28,0.1044776119402985,0.4444444444444444,8
10,49.7,Equipe 3,CTDE-Comm,1,26,0.13,0.3333333333333333,8
10,49.8,Equipe 1,CTDE-VD,0,21,0.09251101321585903,0.2222222222222222,8
10,49.8,Equipe 2,CTDE-CAC,1,28,0.1044776119402985,0.4444444444444444,8
10,49.8,Equipe 3,CTDE-Comm,1,26,0.13,0.3333333333333333,8
10,49.9,Equipe 1,CTDE-VD,0,21,0.09251101321585903,0.2222222222222222,8
10,49.9,Equipe 2,CTDE-CAC,1,28,0.1044776119402985,0.4444444444444444,8
10,49.9,Equipe 3,CTDE-Comm,1,26,0.13,0.3333333333333333,8
10,50.0,Equipe 1,CTDE-VD,0,21,0.09251101321585903,0.2222222222222222,8
10,50.0,Equipe 2,CTDE-CAC,1,28,0.1044776119402985,0.4444444444444444,8
10,50.0,Equipe 3,CTDE-Comm,1,26,0.13,0.3333333333333333,8
10,50.1,Equipe 1,CTDE-VD,0,21,0.09251101321585903,0.2222222222222222,8
10,50.1,Equipe 2,CTDE-CAC,1,28,0.1044776119402985,0.4444444444444444,8
10,50.1,Equipe 3,CTDE-Comm,1,26,0.13,0.3333333333333333,8
10,50.2,Equipe 1,CTDE-VD,0,21,0.09251101321585903,0.2222222222222222,8
10,50.2,Equipe 2,CTDE-CAC,1,28,0.1044776119402985,0.4444444444444444,8
10,50.2,Equipe 3,CTDE-Comm,1,26,0.13,0.3333333333333333,8
10,50.3,Equipe 1,CTDE-VD,0,21,0.09251101321585903,0.2222222222222222,8
10,50.3,Equipe 2,CTDE-CAC,1,28,0.1044776119402985,0.4444444444444444,8
10,50.3,Equipe 3,CTDE-Comm,1,26,0.13,0.3333333333333333,8
10,50.4,Equipe 1,CTDE-VD,0,21,0.09251101321585903,0.2222222222222222,8
10,50.4,Equipe 2,CTDE-CAC,1,28,0.1044776119402985,0.4444444444444444,8
10,50.4,Equipe 3,CTDE-Comm,1,26,0.13,0.3333333333333333,8
10,50.5,Equipe 1,CTDE-VD,0,21,0.09251101321585903,0.2222222222222222,8
10,50.5,Equipe 2,CTDE-CAC,1,28,0.1044776119402985,0.4444444444444444,8
10,50.5,Equipe 3,CTDE-Comm,1,26,0.13,0.3333333333333333,8
10,50.6,Equipe 1,CTDE-VD,0,21,0.09251101321585903,0.2222222222222222,8
10,50.6,Equipe 2,CTDE-CAC,1,28,0.1044776119402985,0.4444444444444444,8
10,50.6,Equipe 3,CTDE-Comm,1,26,0.13,0.3333333333333333,8
10,50.7,Equipe 1,CTDE-VD,0,21,0.09251101321585903,0.2222222222222222,8
10,50.7,Equipe 2,CTDE-CAC,1,28,0.1044776119402985,0.4444444444444444,8
10,50.7,Equipe 3,CTDE-Comm,1,26,0.13,0.3333333333333333,8
10,50.8,Equipe 1,CTDE-VD,0,21,0.09251101321585903,0.2222222222222222,8
10,50.8,Equipe 2,CTDE-CAC,1,28,0.1044776119402985,0.4444444444444444,8
10,50.8,Equipe 3,CTDE-Comm,1,26,0.13,0.3333333333333333,8
10,50.9,Equipe 1,CTDE-VD,0,21,0.09251101321585903,0.2222222222222222,8
10,50.9,Equipe 2,CTDE-CAC,1,28,0.1044776119402985,0.4444444444444444,8
10,50.9,Equipe 3,CTDE-Comm,1,26,0.13,0.3333333333333333,8
10,51.0,Equipe 1,CTDE-VD,0,21,0.09251101321585903,0.2222222222222222,8
10,51.0,Equipe 2,CTDE-CAC,1,28,0.1044776119402985,0.4444444444444444,8
10,51.0,Equipe 3,CTDE-Comm,1,26,0.13,0.3333333333333333,8
10,51.1,Equipe 1,CTDE-VD,0,21,0.09251101321585903,0.2222222222222222,8
10,51.1,Equipe 2,CTDE-CAC,1,28,0.1044776119402985,0.4444444444444444,8
10,51.1,Equipe 3,CTDE-Comm,1,26,0.13,0.3333333333333333,8
10,51.2,Equipe 1,CTDE-VD,0,21,0.09251101321585903,0.2222222222222222,8
10,51.2,Equipe 2,CTDE-CAC,1,28,0.1044776119402985,0.4444444444444444,8
10,51.2,Equipe 3,CTDE-Comm,1,26,0.13,0.3333333333333333,8
10,51.3,Equipe 1,CTDE-VD,0,21,0.09251101321585903,0.2222222222222222,8
10,51.3,Equipe 2,CTDE-CAC,1,28,0.1044776119402985,0.4444444444444444,8
10,51.3,Equipe 3,CTDE-Comm,1,26,0.13,0.3333333333333333,8
10,51.4,Equipe 1,CTDE-VD,0,21,0.09251101321585903,0.2222222222222222,8
10,51.4,Equipe 2,CTDE-CAC,1,28,0.1044776119402985,0.4444444444444444,8
10,51.4,Equipe 3,CTDE-Comm,1,26,0.13,0.3333333333333333,8
10,51.5,Equipe 1,CTDE-VD,0,21,0.09251101321585903,0.2222222222222222,8
10,51.5,Equipe 2,CTDE-CAC,1,28,0.1044776119402985,0.4444444444444444,8
10,51.5,Equipe 3,CTDE-Comm,1,26,0.13,0.3333333333333333,8
10,51.6,Equipe 1,CTDE-VD,0,21,0.09251101321585903,0.2222222222222222,8
10,51.6,Equipe 2,CTDE-CAC,1,28,0.1044776119402985,0.4444444444444444,8
10,51.6,Equipe 3,CTDE-Comm,1,26,0.13,0.3333333333333333,8
10,51.7,Equipe 1,CTDE-VD,0,21,0.09251101321585903,0.2222222222222222,8
10,51.7,Equipe 2,CTDE-CAC,1,28,0.1044776119402985,0.4444444444444444,8
10,51.7,Equipe 3,CTDE-Comm,1,26,0.13,0.3333333333333333,8
10,51.8,Equipe 1,CTDE-VD,0,21,0.09251101321585903,0.2222222222222222,8
10,51.8,Equipe 2,CTDE-CAC,1,28,0.1044776119402985,0.4444444444444444,8
10,51.8,Equipe 3,CTDE-Comm,1,26,0.13,0.3333333333333333,8
10,51.9,Equipe 1,CTDE-VD,0,21,0.09251101321585903,0.2222222222222222,8
10,51.9,Equipe 2,CTDE-CAC,1,28,0.1044776119402985,0.4444444444444444,8
10,51.9,Equipe 3,CTDE-Comm,1,26,0.13,0.3333333333333333,8
10,52.0,Equipe 1,CTDE-VD,0,21,0.09251101321585903,0.2222222222222222,8
10,52.0,Equipe 2,CTDE-CAC,1,28,0.1044776119402985,0.4444444444444444,8
10,52.0,Equipe 3,CTDE-Comm,1,26,0.13,0.3333333333333333,8
10,52.1,Equipe 1,CTDE-VD,0,21,0.09251101321585903,0.2222222222222222,8
10,52.1,Equipe 2,CTDE-CAC,1,28,0.1044776119402985,0.4444444444444444,8
10,52.1,Equipe 3,CTDE-Comm,1,26,0.13,0.3333333333333333,8
10,52.2,Equipe 1,CTDE-VD,0,21,0.09251101321585903,0.2222222222222222,8
10,52.2,Equipe 2,CTDE-CAC,1,28,0.1044776119402985,0.4444444444444444,8
10,52.2,Equipe 3,CTDE-Comm,1,26,0.13,0.3333333333333333,8
10,52.3,Equipe 1,CTDE-VD,0,21,0.09251101321585903,0.2222222222222222,8
10,52.3,Equipe 2,CTDE-CAC,1,28,0.1044776119402985,0.4444444444444444,8
10,52.3,Equipe 3,CTDE-Comm,1,26,0.13,0.3333333333333333,8
10,52.4,Equipe 1,CTDE-VD,0,21,0.09251101321585903,0.2222222222222222,8
10,52.4,Equipe 2,CTDE-CAC,1,28,0.1044776119402985,0.4444444444444444,8
10,52.4,Equipe 3,CTDE-Comm,1,26,0.13,0.3333333333333333,8
10,52.5,Equipe 1,CTDE-VD,0,21,0.09251101321585903,0.2222222222222222,8
10,52.5,Equipe 2,CTDE-CAC,1,28,0.1044776119402985,0.4444444444444444,8
10,52.5,Equipe 3,CTDE-Comm,1,26,0.13,0.3333333333333333,8
10,52.6,Equipe 1,CTDE-VD,0,21,0.09251101321585903,0.2222222222222222,8
10,52.6,Equipe 2,CTDE-CAC,1,28,0.1044776119402985,0.4444444444444444,8
10,52.6,Equipe 3,CTDE-Comm,1,26,0.13,0.3333333333333333,8
10,52.7,Equipe 1,CTDE-VD,0,21,0.09251101321585903,0.2222222222222222,8
10,52.7,Equipe 2,CTDE-CAC,1,28,0.1044776119402985,0.4444444444444444,8
10,52.7,Equipe 3,CTDE-Comm,1,26,0.13,0.3333333333333333,8
10,52.8,Equipe 1,CTDE-VD,0,21,0.09251101321585903,0.2222222222222222,8
10,52.8,Equipe 2,CTDE-CAC,1,28,0.1044776119402985,0.4444444444444444,8
10,52.8,Equipe 3,CTDE-Comm,1,26,0.13,0.3333333333333333,8
10,52.9,Equipe 1,CTDE-VD,0,21,0.09251101321585903,0.2222222222222222,8
10,52.9,Equipe 2,CTDE-CAC,1,28,0.1044776119402985,0.4444444444444444,8
10,52.9,Equipe 3,CTDE-Comm,1,26,0.13,0.3333333333333333,8
10,53.0,Equipe 1,CTDE-VD,0,21,0.09251101321585903,0.2222222222222222,8
10,53.0,Equipe 2,CTDE-CAC,1,28,0.1044776119402985,0.4444444444444444,8
10,53.0,Equipe 3,CTDE-Comm,1,26,0.13,0.3333333333333333,8
10,53.1,Equipe 1,CTDE-VD,0,21,0.09251101321585903,0.2222222222222222,8
10,53.1,Equipe 2,CTDE-CAC,1,28,0.1044776119402985,0.4444444444444444,8
10,53.1,Equipe 3,CTDE-Comm,1,26,0.13,0.3333333333333333,8
10,53.2,Equipe 1,CTDE-VD,0,21,0.09251101321585903,0.2222222222222222,8
10,53.2,Equipe 2,CTDE-CAC,1,28,0.1044776119402985,0.4444444444444444,8
10,53.2,Equipe 3,CTDE-Comm,1,26,0.13,0.3333333333333333,8
10,53.3,Equipe 1,CTDE-VD,0,21,0.09251101321585903,0.2222222222222222,8
10,53.3,Equipe 2,CTDE-CAC,1,28,0.1044776119402985,0.4444444444444444,8
10,53.3,Equipe 3,CTDE-Comm,1,26,0.13,0.3333333333333333,8
10,53.4,Equipe 1,CTDE-VD,0,21,0.09251101321585903,0.2222222222222222,8
10,53.4,Equipe 2,CTDE-CAC,1,28,0.1044776119402985,0.4444444444444444,8
10,53.4,Equipe 3,CTDE-Comm,1,26,0.13,0.3333333333333333,8
10,53.5,Equipe 1,CTDE-VD,0,21,0.09251101321585903,0.2222222222222222,8
10,53.5,Equipe 2,CTDE-CAC,1,28,0.1044776119402985,0.4444444444444444,8
10,53.5,Equipe 3,CTDE-Comm,1,26,0.13,0.3333333333333333,8
10,53.6,Equipe 1,CTDE-VD,0,21,0.09251101321585903,0.2222222222222222,8
10,53.6,Equipe 2,CTDE-CAC,1,28,0.1044776119402985,0.4444444444444444,8
10,53.6,Equipe 3,CTDE-Comm,1,26,0.13,0.3333333333333333,8
10,53.7,Equipe 1,CTDE-VD,0,21,0.09251101321585903,0.2222222222222222,8
10,53.7,Equipe 2,CTDE-CAC,1,28,0.1044776119402985,0.4444444444444444,8
10,53.7,Equipe 3,CTDE-Comm,1,26,0.13,0.3333333333333333,8
10,53.8,Equipe 1,CTDE-VD,0,21,0.09251101321585903,0.2222222222222222,8
10,53.8,Equipe 2,CTDE-CAC,1,28,0.1044776119402985,0.4444444444444444,8
10,53.8,Equipe 3,CTDE-Comm,1,26,0.13,0.3333333333333333,8
10,53.9,Equipe 1,CTDE-VD,0,21,0.09251101321585903,0.2222222222222222,8
10,53.9,Equipe 2,CTDE-CAC,1,28,0.1044776119402985,0.4444444444444444,8
10,53.9,Equipe 3,CTDE-Comm,1,26,0.13,0.3333333333333333,8
10,54.0,Equipe 1,CTDE-VD,0,21,0.09251101321585903,0.2222222222222222,8
10,54.0,Equipe 2,CTDE-CAC,1,28,0.1044776119402985,0.4444444444444444,8
10,54.0,Equipe 3,CTDE-Comm,1,26,0.13,0.3333333333333333,8
10,54.1,Equipe 1,CTDE-VD,0,21,0.09251101321585903,0.2222222222222222,8
10,54.1,Equipe 2,CTDE-CAC,1,28,0.1044776119402985,0.4444444444444444,8
10,54.1,Equipe 3,CTDE-Comm,1,26,0.13,0.3333333333333333,8
10,54.2,Equipe 1,CTDE-VD,0,21,0.09251101321585903,0.2222222222222222,8
10,54.2,Equipe 2,CTDE-CAC,1,28,0.1044776119402985,0.4444444444444444,8
10,54.2,Equipe 3,CTDE-Comm,1,26,0.13,0.3333333333333333,8
10,54.3,Equipe 1,CTDE-VD,0,21,0.09251101321585903,0.2222222222222222,8
10,54.3,Equipe 2,CTDE-CAC,1,28,0.1044776119402985,0.4444444444444444,8
10,54.3,Equipe 3,CTDE-Comm,1,26,0.13,0.3333333333333333,8
10,54.4,Equipe 1,CTDE-VD,0,21,0.09251101321585903,0.2222222222222222,8
10,54.4,Equipe 2,CTDE-CAC,1,28,0.1044776119402985,0.4444444444444444,8
10,54.4,Equipe 3,CTDE-Comm,1,26,0.13,0.3333333333333333,8
10,54.5,Equipe 1,CTDE-VD,0,21,0.09251101321585903,0.2222222222222222,8
10,54.5,Equipe 2,CTDE-CAC,1,28,0.1044776119402985,0.4444444444444444,8
10,54.5,Equipe 3,CTDE-Comm,1,26,0.13,0.3333333333333333,8
10,54.6,Equipe 1,CTDE-VD,0,21,0.09251101321585903,0.2222222222222222,8
10,54.6,Equipe 2,CTDE-CAC,1,28,0.1044776119402985,0.4444444444444444,8
10,54.6,Equipe 3,CTDE-Comm,1,26,0.13,0.3333333333333333,8
10,54.7,Equipe 1,CTDE-VD,0,21,0.09251101321585903,0.2222222222222222,8
10,54.7,Equipe 2,CTDE-CAC,1,28,0.1044776119402985,0.4444444444444444,8
10,54.7,Equipe 3,CTDE-Comm,1,26,0.13,0.3333333333333333,8
10,54.8,Equipe 1,CTDE-VD,0,21,0.09251101321585903,0.2222222222222222,8
10,54.8,Equipe 2,CTDE-CAC,1,28,0.1044776119402985,0.4444444444444444,8
10,54.8,Equipe 3,CTDE-Comm,1,26,0.13,0.3333333333333333,8
10,54.9,Equipe 1,CTDE-VD,0,21,0.09251101321585903,0.2222222222222222,8
10,54.9,Equipe 2,CTDE-CAC,1,28,0.1044776119402985,0.4444444444444444,8
10,54.9,Equipe 3,CTDE-Comm,1,26,0.13,0.3333333333333333,8
10,55.0,Equipe 1,CTDE-VD,0,21,0.09251101321585903,0.2222222222222222,8
10,55.0,Equipe 2,CTDE-CAC,1,28,0.1044776119402985,0.4444444444444444,8
10,55.0,Equipe 3,CTDE-Comm,1,26,0.13,0.3333333333333333,8
10,55.1,Equipe 1,CTDE-VD,0,21,0.09251101321585903,0.2222222222222222,8
10,55.1,Equipe 2,CTDE-CAC,1,28,0.1044776119402985,0.4444444444444444,8
10,55.1,Equipe 3,CTDE-Comm,1,26,0.13,0.3333333333333333,8
10,55.2,Equipe 1,CTDE-VD,0,21,0.09251101321585903,0.2222222222222222,8
10,55.2,Equipe 2,CTDE-CAC,1,28,0.1044776119402985,0.4444444444444444,8
10,55.2,Equipe 3,CTDE-Comm,1,26,0.13,0.3333333333333333,8
10,55.3,Equipe 1,CTDE-VD,0,21,0.09251101321585903,0.2222222222222222,8
10,55.3,Equipe 2,CTDE-CAC,1,28,0.1044776119402985,0.4444444444444444,8
10,55.3,Equipe 3,CTDE-Comm,1,26,0.13,0.3333333333333333,8
10,55.4,Equipe 1,CTDE-VD,0,21,0.09251101321585903,0.2222222222222222,8
10,55.4,Equipe 2,CTDE-CAC,1,28,0.1044776119402985,0.4444444444444444,8
10,55.4,Equipe 3,CTDE-Comm,1,26,0.13,0.3333333333333333,8
10,55.5,Equipe 1,CTDE-VD,0,21,0.09251101321585903,0.2222222222222222,8
10,55.5,Equipe 2,CTDE-CAC,1,28,0.1044776119402985,0.4444444444444444,8
10,55.5,Equipe 3,CTDE-Comm,1,26,0.13,0.3333333333333333,8
10,55.6,Equipe 1,CTDE-VD,0,21,0.09251101321585903,0.2222222222222222,8
10,55.6,Equipe 2,CTDE-CAC,1,28,0.1044776119402985,0.4444444444444444,8
10,55.6,Equipe 3,CTDE-Comm,1,26,0.13,0.3333333333333333,8
10,55.7,Equipe 1,CTDE-VD,0,21,0.09251101321585903,0.2222222222222222,8
10,55.7,Equipe 2,CTDE-CAC,1,28,0.1044776119402985,0.4444444444444444,8
10,55.7,Equipe 3,CTDE-Comm,1,26,0.13,0.3333333333333333,8
10,55.8,Equipe 1,CTDE-VD,0,21,0.09251101321585903,0.2222222222222222,8
10,55.8,Equipe 2,CTDE-CAC,1,28,0.1044776119402985,0.4444444444444444,8
10,55.8,Equipe 3,CTDE-Comm,1,26,0.13,0.3333333333333333,8
10,55.9,Equipe 1,CTDE-VD,0,21,0.09251101321585903,0.2222222222222222,8
10,55.9,Equipe 2,CTDE-CAC,1,28,0.1044776119402985,0.4444444444444444,8
10,55.9,Equipe 3,CTDE-Comm,1,26,0.13,0.3333333333333333,8
10,56.0,Equipe 1,CTDE-VD,0,21,0.09251101321585903,0.2222222222222222,8
10,56.0,Equipe 2,CTDE-CAC,1,28,0.1044776119402985,0.4444444444444444,8
10,56.0,Equipe 3,CTDE-Comm,1,26,0.13,0.3333333333333333,8
10,56.1,Equipe 1,CTDE-VD,0,21,0.09251101321585903,0.2222222222222222,8
10,56.1,Equipe 2,CTDE-CAC,1,28,0.1044776119402985,0.4444444444444444,8
10,56.1,Equipe 3,CTDE-Comm,1,26,0.13,0.3333333333333333,8
10,56.2,Equipe 1,CTDE-VD,0,21,0.09251101321585903,0.2222222222222222,8
10,56.2,Equipe 2,CTDE-CAC,1,28,0.1044776119402985,0.4444444444444444,8
10,56.2,Equipe 3,CTDE-Comm,1,26,0.13,0.3333333333333333,8
10,56.3,Equipe 1,CTDE-VD,0,21,0.09251101321585903,0.2222222222222222,8
10,56.3,Equipe 2,CTDE-CAC,1,28,0.1044776119402985,0.4444444444444444,8
10,56.3,Equipe 3,CTDE-Comm,1,26,0.13,0.3333333333333333,8
10,56.4,Equipe 1,CTDE-VD,0,21,0.09251101321585903,0.2222222222222222,8
10,56.4,Equipe 2,CTDE-CAC,1,28,0.1044776119402985,0.4444444444444444,8
10,56.4,Equipe 3,CTDE-Comm,1,26,0.13,0.3333333333333333,8
10,56.5,Equipe 1,CTDE-VD,0,21,0.09251101321585903,0.2222222222222222,8
10,56.5,Equipe 2,CTDE-CAC,1,28,0.1044776119402985,0.4444444444444444,8
10,56.5,Equipe 3,CTDE-Comm,1,26,0.13,0.3333333333333333,8
10,56.6,Equipe 1,CTDE-VD,0,21,0.09251101321585903,0.2222222222222222,8
10,56.6,Equipe 2,CTDE-CAC,1,28,0.1044776119402985,0.4444444444444444,8
10,56.6,Equipe 3,CTDE-Comm,1,26,0.13,0.3333333333333333,8
10,56.7,Equipe 1,CTDE-VD,0,21,0.09251101321585903,0.2222222222222222,8
10,56.7,Equipe 2,CTDE-CAC,1,28,0.1044776119402985,0.4444444444444444,8
10,56.7,Equipe 3,CTDE-Comm,1,26,0.13,0.3333333333333333,8
10,56.8,Equipe 1,CTDE-VD,0,21,0.09251101321585903,0.2222222222222222,8
10,56.8,Equipe 2,CTDE-CAC,1,28,0.1044776119402985,0.4444444444444444,8
10,56.8,Equipe 3,CTDE-Comm,1,26,0.13,0.3333333333333333,8
10,56.9,Equipe 1,CTDE-VD,0,21,0.09251101321585903,0.2222222222222222,8
10,56.9,Equipe 2,CTDE-CAC,1,28,0.1044776119402985,0.4444444444444444,8
10,56.9,Equipe 3,CTDE-Comm,1,26,0.13,0.3333333333333333,8
10,57.0,Equipe 1,CTDE-VD,0,21,0.09251101321585903,0.2222222222222222,8
10,57.0,Equipe 2,CTDE-CAC,1,28,0.1044776119402985,0.4444444444444444,8
10,57.0,Equipe 3,CTDE-Comm,1,26,0.13,0.3333333333333333,8
10,57.1,Equipe 1,CTDE-VD,0,21,0.09251101321585903,0.2222222222222222,8
10,57.1,Equipe 2,CTDE-CAC,1,28,0.1044776119402985,0.4444444444444444,8
10,57.1,Equipe 3,CTDE-Comm,1,26,0.13,0.3333333333333333,8
10,57.2,Equipe 1,CTDE-VD,0,21,0.09251101321585903,0.2222222222222222,8
10,57.2,Equipe 2,CTDE-CAC,1,28,0.1044776119402985,0.4444444444444444,8
10,57.2,Equipe 3,CTDE-Comm,1,26,0.13,0.3333333333333333,8
10,57.3,Equipe 1,CTDE-VD,0,21,0.09251101321585903,0.2222222222222222,8
10,57.3,Equipe 2,CTDE-CAC,1,28,0.1044776119402985,0.4444444444444444,8
10,57.3,Equipe 3,CTDE-Comm,1,26,0.13,0.3333333333333333,8
10,57.4,Equipe 1,CTDE-VD,0,21,0.09251101321585903,0.2222222222222222,8
10,57.4,Equipe 2,CTDE-CAC,1,28,0.1044776119402985,0.4444444444444444,8
10,57.4,Equipe 3,CTDE-Comm,1,26,0.13,0.3333333333333333,8
10,57.5,Equipe 1,CTDE-VD,0,21,0.09251101321585903,0.2222222222222222,8
10,57.5,Equipe 2,CTDE-CAC,1,28,0.1044776119402985,0.4444444444444444,8
10,57.5,Equipe 3,CTDE-Comm,1,26,0.13,0.3333333333333333,8
10,57.6,Equipe 1,CTDE-VD,0,21,0.09251101321585903,0.2222222222222222,8
10,57.6,Equipe 2,CTDE-CAC,1,28,0.1044776119402985,0.4444444444444444,8
10,57.6,Equipe 3,CTDE-Comm,1,26,0.13,0.3333333333333333,8
10,57.7,Equipe 1,CTDE-VD,0,21,0.09251101321585903,0.2222222222222222,8
10,57.7,Equipe 2,CTDE-CAC,1,28,0.1044776119402985,0.4444444444444444,8
10,57.7,Equipe 3,CTDE-Comm,1,26,0.13,0.3333333333333333,8
10,57.8,Equipe 1,CTDE-VD,0,21,0.09251101321585903,0.2222222222222222,8
10,57.8,Equipe 2,CTDE-CAC,1,28,0.1044776119402985,0.4444444444444444,8
10,57.8,Equipe 3,CTDE-Comm,1,26,0.13,0.3333333333333333,8
10,57.9,Equipe 1,CTDE-VD,0,21,0.09251101321585903,0.2222222222222222,8
10,57.9,Equipe 2,CTDE-CAC,1,28,0.1044776119402985,0.4444444444444444,8
10,57.9,Equipe 3,CTDE-Comm,1,26,0.13,0.3333333333333333,8
10,58.0,Equipe 1,CTDE-VD,0,21,0.09251101321585903,0.2222222222222222,8
10,58.0,Equipe 2,CTDE-CAC,1,28,0.1044776119402985,0.4444444444444444,8
10,58.0,Equipe 3,CTDE-Comm,1,26,0.13,0.3333333333333333,8
10,58.1,Equipe 1,CTDE-VD,0,21,0.09251101321585903,0.2222222222222222,8
10,58.1,Equipe 2,CTDE-CAC,1,28,0.1044776119402985,0.4444444444444444,8
10,58.1,Equipe 3,CTDE-Comm,1,26,0.13,0.3333333333333333,8
10,58.2,Equipe 1,CTDE-VD,0,21,0.09251101321585903,0.2222222222222222,8
10,58.2,Equipe 2,CTDE-CAC,1,28,0.1044776119402985,0.4444444444444444,8
10,58.2,Equipe 3,CTDE-Comm,1,26,0.13,0.3333333333333333,8
10,58.3,Equipe 1,CTDE-VD,0,21,0.09251101321585903,0.2222222222222222,8
10,58.3,Equipe 2,CTDE-CAC,1,28,0.1044776119402985,0.4444444444444444,8
10,58.3,Equipe 3,CTDE-Comm,1,26,0.13,0.3333333333333333,8
10,58.4,Equipe 1,CTDE-VD,0,21,0.09251101321585903,0.2222222222222222,8
10,58.4,Equipe 2,CTDE-CAC,1,28,0.1044776119402985,0.4444444444444444,8
10,58.4,Equipe 3,CTDE-Comm,1,26,0.13,0.3333333333333333,8
10,58.5,Equipe 1,CTDE-VD,0,21,0.09251101321585903,0.2222222222222222,8
10,58.5,Equipe 2,CTDE-CAC,1,28,0.1044776119402985,0.4444444444444444,8
10,58.5,Equipe 3,CTDE-Comm,1,26,0.13,0.3333333333333333,8
10,58.6,Equipe 1,CTDE-VD,0,21,0.09251101321585903,0.2222222222222222,8
10,58.6,Equipe 2,CTDE-CAC,1,28,0.1044776119402985,0.4444444444444444,8
10,58.6,Equipe 3,CTDE-Comm,1,26,0.13,0.3333333333333333,8
10,58.7,Equipe 1,CTDE-VD,0,21,0.09251101321585903,0.2222222222222222,8
10,58.7,Equipe 2,CTDE-CAC,1,28,0.1044776119402985,0.4444444444444444,8
10,58.7,Equipe 3,CTDE-Comm,1,26,0.13,0.3333333333333333,8
10,58.8,Equipe 1,CTDE-VD,0,21,0.09251101321585903,0.2222222222222222,8
10,58.8,Equipe 2,CTDE-CAC,1,28,0.1044776119402985,0.4444444444444444,8
10,58.8,Equipe 3,CTDE-Comm,1,26,0.13,0.3333333333333333,8
10,58.9,Equipe 1,CTDE-VD,0,21,0.09251101321585903,0.2222222222222222,8
10,58.9,Equipe 2,CTDE-CAC,1,28,0.1044776119402985,0.4444444444444444,8
10,58.9,Equipe 3,CTDE-Comm,1,26,0.13,0.3333333333333333,8
10,59.0,Equipe 1,CTDE-VD,0,21,0.09251101321585903,0.2222222222222222,8
10,59.0,Equipe 2,CTDE-CAC,1,28,0.1044776119402985,0.4444444444444444,8
10,59.0,Equipe 3,CTDE-Comm,1,26,0.13,0.3333333333333333,8
10,59.1,Equipe 1,CTDE-VD,0,21,0.09251101321585903,0.2222222222222222,8
10,59.1,Equipe 2,CTDE-CAC,1,28,0.1044776119402985,0.4444444444444444,8
10,59.1,Equipe 3,CTDE-Comm,1,26,0.13,0.3333333333333333,8
10,59.2,Equipe 1,CTDE-VD,0,21,0.09251101321585903,0.2222222222222222,8
10,59.2,Equipe 2,CTDE-CAC,1,28,0.1044776119402985,0.4444444444444444,8
10,59.2,Equipe 3,CTDE-Comm,1,26,0.13,0.3333333333333333,8
10,59.3,Equipe 1,CTDE-VD,0,21,0.09251101321585903,0.2222222222222222,8
10,59.3,Equipe 2,CTDE-CAC,1,28,0.1044776119402985,0.4444444444444444,8
10,59.3,Equipe 3,CTDE-Comm,1,26,0.13,0.3333333333333333,8
10,59.4,Equipe 1,CTDE-VD,0,21,0.09251101321585903,0.2222222222222222,8
10,59.4,Equipe 2,CTDE-CAC,1,28,0.1044776119402985,0.4444444444444444,8
10,59.4,Equipe 3,CTDE-Comm,1,26,0.13,0.3333333333333333,8
10,59.5,Equipe 1,CTDE-VD,0,21,0.09251101321585903,0.2222222222222222,8
10,59.5,Equipe 2,CTDE-CAC,1,28,0.1044776119402985,0.4444444444444444,8
10,59.5,Equipe 3,CTDE-Comm,1,26,0.13,0.3333333333333333,8
10,59.6,Equipe 1,CTDE-VD,0,21,0.09251101321585903,0.2222222222222222,8
10,59.6,Equipe 2,CTDE-CAC,1,28,0.1044776119402985,0.4444444444444444,8
10,59.6,Equipe 3,CTDE-Comm,1,26,0.13,0.3333333333333333,8
10,59.7,Equipe 1,CTDE-VD,0,21,0.09251101321585903,0.2222222222222222,8
10,59.7,Equipe 2,CTDE-CAC,1,28,0.1044776119402985,0.4444444444444444,8
10,59.7,Equipe 3,CTDE-Comm,1,26,0.13,0.3333333333333333,8
10,59.8,Equipe 1,CTDE-VD,0,21,0.09251101321585903,0.2222222222222222,8
10,59.8,Equipe 2,CTDE-CAC,1,28,0.1044776119402985,0.4444444444444444,8
10,59.8,Equipe 3,CTDE-Comm,1,26,0.13,0.3333333333333333,8
10,59.9,Equipe 1,CTDE-VD,0,21,0.09251101321585903,0.2222222222222222,8
10,59.9,Equipe 2,CTDE-CAC,1,28,0.1044776119402985,0.4444444444444444,8
10,59.9,Equipe 3,CTDE-Comm,1,26,0.13,0.3333333333333333,8
10,60.0,Equipe 1,CTDE-VD,0,21,0.09251101321585903,0.2222222222222222,8
10,60.0,Equipe 2,CTDE-CAC,1,28,0.1044776119402985,0.4444444444444444,8
10,60.0,Equipe 3,CTDE-Comm,1,26,0.13,0.3333333333333333,8
10,60.1,Equipe 1,CTDE-VD,0,21,0.09251101321585903,0.2222222222222222,8
10,60.1,Equipe 2,CTDE-CAC,1,28,0.1044776119402985,0.4444444444444444,8
10,60.1,Equipe 3,CTDE-Comm,1,26,0.13,0.3333333333333333,8
10,60.2,Equipe 1,CTDE-VD,0,21,0.09251101321585903,0.2222222222222222,8
10,60.2,Equipe 2,CTDE-CAC,1,28,0.1044776119402985,0.4444444444444444,8
10,60.2,Equipe 3,CTDE-Comm,1,26,0.13,0.3333333333333333,8
10,60.3,Equipe 1,CTDE-VD,0,21,0.09251101321585903,0.2222222222222222,8
10,60.3,Equipe 2,CTDE-CAC,1,28,0.1044776119402985,0.4444444444444444,8
10,60.3,Equipe 3,CTDE-Comm,1,26,0.13,0.3333333333333333,8
10,60.4,Equipe 1,CTDE-VD,0,21,0.09251101321585903,0.2222222222222222,8
10,60.4,Equipe 2,CTDE-CAC,1,28,0.1044776119402985,0.4444444444444444,8
10,60.4,Equipe 3,CTDE-Comm,1,26,0.13,0.3333333333333333,8
10,60.5,Equipe 1,CTDE-VD,0,21,0.09251101321585903,0.2222222222222222,8
10,60.5,Equipe 2,CTDE-CAC,1,28,0.1044776119402985,0.4444444444444444,8
10,60.5,Equipe 3,CTDE-Comm,1,26,0.13,0.3333333333333333,8
10,60.6,Equipe 1,CTDE-VD,0,21,0.09251101321585903,0.2222222222222222,8
10,60.6,Equipe 2,CTDE-CAC,1,28,0.1044776119402985,0.4444444444444444,8
10,60.6,Equipe 3,CTDE-Comm,1,26,0.13,0.3333333333333333,8
10,60.7,Equipe 1,CTDE-VD,0,21,0.09251101321585903,0.2222222222222222,8
10,60.7,Equipe 2,CTDE-CAC,1,28,0.1044776119402985,0.4444444444444444,8
10,60.7,Equipe 3,CTDE-Comm,1,26,0.13,0.3333333333333333,8
10,60.8,Equipe 1,CTDE-VD,0,21,0.09251101321585903,0.2222222222222222,8
10,60.8,Equipe 2,CTDE-CAC,1,28,0.1044776119402985,0.4444444444444444,8
10,60.8,Equipe 3,CTDE-Comm,1,26,0.13,0.3333333333333333,8
10,60.9,Equipe 1,CTDE-VD,0,21,0.09251101321585903,0.2222222222222222,8
10,60.9,Equipe 2,CTDE-CAC,1,28,0.1044776119402985,0.4444444444444444,8
10,60.9,Equipe 3,CTDE-Comm,1,26,0.13,0.3333333333333333,8
10,61.0,Equipe 1,CTDE-VD,0,21,0.09251101321585903,0.2222222222222222,8
10,61.0,Equipe 2,CTDE-CAC,1,28,0.1044776119402985,0.4444444444444444,8
10,61.0,Equipe 3,CTDE-Comm,1,26,0.13,0.3333333333333333,8
10,61.1,Equipe 1,CTDE-VD,0,21,0.09251101321585903,0.2222222222222222,8
10,61.1,Equipe 2,CTDE-CAC,1,28,0.1044776119402985,0.4444444444444444,8
10,61.1,Equipe 3,CTDE-Comm,1,26,0.13,0.3333333333333333,8
10,61.2,Equipe 1,CTDE-VD,0,21,0.09251101321585903,0.2222222222222222,8
10,61.2,Equipe 2,CTDE-CAC,1,28,0.1044776119402985,0.4444444444444444,8
10,61.2,Equipe 3,CTDE-Comm,1,26,0.13,0.3333333333333333,8
10,61.3,Equipe 1,CTDE-VD,0,21,0.09251101321585903,0.2222222222222222,8
10,61.3,Equipe 2,CTDE-CAC,1,28,0.1044776119402985,0.4444444444444444,8
10,61.3,Equipe 3,CTDE-Comm,1,26,0.13,0.3333333333333333,8
10,61.4,Equipe 1,CTDE-VD,0,21,0.09251101321585903,0.2222222222222222,8
10,61.4,Equipe 2,CTDE-CAC,1,28,0.1044776119402985,0.4444444444444444,8
10,61.4,Equipe 3,CTDE-Comm,1,26,0.13,0.3333333333333333,8
10,61.5,Equipe 1,CTDE-VD,0,21,0.09251101321585903,0.2222222222222222,8
10,61.5,Equipe 2,CTDE-CAC,1,28,0.1044776119402985,0.4444444444444444,8
10,61.5,Equipe 3,CTDE-Comm,1,26,0.13,0.3333333333333333,8
10,61.6,Equipe 1,CTDE-VD,0,21,0.09251101321585903,0.2222222222222222,8
10,61.6,Equipe 2,CTDE-CAC,1,28,0.1044776119402985,0.4444444444444444,8
10,61.6,Equipe 3,CTDE-Comm,1,26,0.13,0.3333333333333333,8
10,61.7,Equipe 1,CTDE-VD,0,21,0.09251101321585903,0.2222222222222222,8
10,61.7,Equipe 2,CTDE-CAC,1,28,0.1044776119402985,0.4444444444444444,8
10,61.7,Equipe 3,CTDE-Comm,1,26,0.13,0.3333333333333333,8
10,61.8,Equipe 1,CTDE-VD,0,21,0.09251101321585903,0.2222222222222222,8
10,61.8,Equipe 2,CTDE-CAC,1,28,0.1044776119402985,0.4444444444444444,8
10,61.8,Equipe 3,CTDE-Comm,1,26,0.13,0.3333333333333333,8
10,61.9,Equipe 1,CTDE-VD,0,21,0.09251101321585903,0.2222222222222222,8
10,61.9,Equipe 2,CTDE-CAC,1,28,0.1044776119402985,0.4444444444444444,8
10,61.9,Equipe 3,CTDE-Comm,1,26,0.13,0.3333333333333333,8
10,62.0,Equipe 1,CTDE-VD,0,21,0.09251101321585903,0.2222222222222222,8
10,62.0,Equipe 2,CTDE-CAC,1,28,0.1044776119402985,0.4444444444444444,8
10,62.0,Equipe 3,CTDE-Comm,1,26,0.13,0.3333333333333333,8
10,62.1,Equipe 1,CTDE-VD,0,21,0.09251101321585903,0.2222222222222222,8
10,62.1,Equipe 2,CTDE-CAC,1,28,0.1044776119402985,0.4444444444444444,8
10,62.1,Equipe 3,CTDE-Comm,1,26,0.13,0.3333333333333333,8
10,62.2,Equipe 1,CTDE-VD,0,21,0.09251101321585903,0.2222222222222222,8
10,62.2,Equipe 2,CTDE-CAC,1,28,0.1044776119402985,0.4444444444444444,8
10,62.2,Equipe 3,CTDE-Comm,1,26,0.13,0.3333333333333333,8
10,62.3,Equipe 1,CTDE-VD,0,21,0.09251101321585903,0.2222222222222222,8
10,62.3,Equipe 2,CTDE-CAC,1,28,0.1044776119402985,0.4444444444444444,8
10,62.3,Equipe 3,CTDE-Comm,1,26,0.13,0.3333333333333333,8
10,62.4,Equipe 1,CTDE-VD,0,21,0.09251101321585903,0.2222222222222222,8
10,62.4,Equipe 2,CTDE-CAC,1,28,0.1044776119402985,0.4444444444444444,8
10,62.4,Equipe 3,CTDE-Comm,1,26,0.13,0.3333333333333333,8
10,62.5,Equipe 1,CTDE-VD,0,21,0.09251101321585903,0.2222222222222222,8
10,62.5,Equipe 2,CTDE-CAC,1,28,0.1044776119402985,0.4444444444444444,8
10,62.5,Equipe 3,CTDE-Comm,1,26,0.13,0.3333333333333333,8
10,62.6,Equipe 1,CTDE-VD,0,21,0.09251101321585903,0.2222222222222222,8
10,62.6,Equipe 2,CTDE-CAC,1,28,0.1044776119402985,0.4444444444444444,8
10,62.6,Equipe 3,CTDE-Comm,1,26,0.13,0.3333333333333333,8
10,62.7,Equipe 1,CTDE-VD,0,21,0.09251101321585903,0.2222222222222222,8
10,62.7,Equipe 2,CTDE-CAC,1,28,0.1044776119402985,0.4444444444444444,8
10,62.7,Equipe 3,CTDE-Comm,1,26,0.13,0.3333333333333333,8
10,62.8,Equipe 1,CTDE-VD,0,21,0.09251101321585903,0.2222222222222222,8
10,62.8,Equipe 2,CTDE-CAC,1,28,0.1044776119402985,0.4444444444444444,8
10,62.8,Equipe 3,CTDE-Comm,1,26,0.13,0.3333333333333333,8
10,62.9,Equipe 1,CTDE-VD,0,21,0.09251101321585903,0.2222222222222222,8
10,62.9,Equipe 2,CTDE-CAC,1,28,0.1044776119402985,0.4444444444444444,8
10,62.9,Equipe 3,CTDE-Comm,1,26,0.13,0.3333333333333333,8
10,63.0,Equipe 1,CTDE-VD,0,21,0.09251101321585903,0.2222222222222222,8
10,63.0,Equipe 2,CTDE-CAC,1,28,0.1044776119402985,0.4444444444444444,8
10,63.0,Equipe 3,CTDE-Comm,1,26,0.13,0.3333333333333333,8
10,63.1,Equipe 1,CTDE-VD,0,21,0.09251101321585903,0.2222222222222222,8
10,63.1,Equipe 2,CTDE-CAC,1,28,0.1044776119402985,0.4444444444444444,8
10,63.1,Equipe 3,CTDE-Comm,1,26,0.13,0.3333333333333333,8
10,63.2,Equipe 1,CTDE-VD,0,21,0.09251101321585903,0.2222222222222222,8
10,63.2,Equipe 2,CTDE-CAC,1,28,0.1044776119402985,0.4444444444444444,8
10,63.2,Equipe 3,CTDE-Comm,1,26,0.13,0.3333333333333333,8
10,63.3,Equipe 1,CTDE-VD,0,21,0.09251101321585903,0.2222222222222222,8
10,63.3,Equipe 2,CTDE-CAC,1,28,0.1044776119402985,0.4444444444444444,8
10,63.3,Equipe 3,CTDE-Comm,1,26,0.13,0.3333333333333333,8
10,63.4,Equipe 1,CTDE-VD,0,21,0.09251101321585903,0.2222222222222222,8
10,63.4,Equipe 2,CTDE-CAC,1,28,0.1044776119402985,0.4444444444444444,8
10,63.4,Equipe 3,CTDE-Comm,1,26,0.13,0.3333333333333333,8
10,63.5,Equipe 1,CTDE-VD,0,21,0.09251101321585903,0.2222222222222222,8
10,63.5,Equipe 2,CTDE-CAC,1,28,0.1044776119402985,0.4444444444444444,8
10,63.5,Equipe 3,CTDE-Comm,1,26,0.13,0.3333333333333333,8
10,63.6,Equipe 1,CTDE-VD,0,21,0.09251101321585903,0.2222222222222222,8
10,63.6,Equipe 2,CTDE-CAC,1,28,0.1044776119402985,0.4444444444444444,8
10,63.6,Equipe 3,CTDE-Comm,1,26,0.13,0.3333333333333333,8
10,63.7,Equipe 1,CTDE-VD,0,21,0.09251101321585903,0.2222222222222222,8
10,63.7,Equipe 2,CTDE-CAC,1,28,0.1044776119402985,0.4444444444444444,8
10,63.7,Equipe 3,CTDE-Comm,1,26,0.13,0.3333333333333333,8
10,63.8,Equipe 1,CTDE-VD,0,21,0.09251101321585903,0.2222222222222222,8
10,63.8,Equipe 2,CTDE-CAC,1,28,0.1044776119402985,0.4444444444444444,8
10,63.8,Equipe 3,CTDE-Comm,1,26,0.13,0.3333333333333333,8
10,63.9,Equipe 1,CTDE-VD,0,21,0.09251101321585903,0.2222222222222222,8
10,63.9,Equipe 2,CTDE-CAC,1,28,0.1044776119402985,0.4444444444444444,8
10,63.9,Equipe 3,CTDE-Comm,1,26,0.13,0.3333333333333333,8
10,64.0,Equipe 1,CTDE-VD,0,21,0.09251101321585903,0.2222222222222222,8
10,64.0,Equipe 2,CTDE-CAC,1,28,0.1044776119402985,0.4444444444444444,8
10,64.0,Equipe 3,CTDE-Comm,1,26,0.13,0.3333333333333333,8
10,64.1,Equipe 1,CTDE-VD,0,21,0.09251101321585903,0.2222222222222222,8
10,64.1,Equipe 2,CTDE-CAC,1,28,0.1044776119402985,0.4444444444444444,8
10,64.1,Equipe 3,CTDE-Comm,1,26,0.13,0.3333333333333333,8
10,64.2,Equipe 1,CTDE-VD,0,21,0.09251101321585903,0.2222222222222222,8
10,64.2,Equipe 2,CTDE-CAC,1,28,0.1044776119402985,0.4444444444444444,8
10,64.2,Equipe 3,CTDE-Comm,1,26,0.13,0.3333333333333333,8
10,64.3,Equipe 1,CTDE-VD,0,21,0.09251101321585903,0.2222222222222222,8
10,64.3,Equipe 2,CTDE-CAC,1,28,0.1044776119402985,0.4444444444444444,8
10,64.3,Equipe 3,CTDE-Comm,1,26,0.13,0.3333333333333333,8
10,64.4,Equipe 1,CTDE-VD,0,21,0.09251101321585903,0.2222222222222222,8
10,64.4,Equipe 2,CTDE-CAC,1,28,0.1044776119402985,0.4444444444444444,8
10,64.4,Equipe 3,CTDE-Comm,1,26,0.13,0.3333333333333333,8
10,64.5,Equipe 1,CTDE-VD,0,21,0.09251101321585903,0.2222222222222222,8
10,64.5,Equipe 2,CTDE-CAC,1,28,0.1044776119402985,0.4444444444444444,8
10,64.5,Equipe 3,CTDE-Comm,1,26,0.13,0.3333333333333333,8
10,64.6,Equipe 1,CTDE-VD,0,21,0.09251101321585903,0.2222222222222222,8
10,64.6,Equipe 2,CTDE-CAC,1,28,0.1044776119402985,0.4444444444444444,8
10,64.6,Equipe 3,CTDE-Comm,1,26,0.13,0.3333333333333333,8
10,64.7,Equipe 1,CTDE-VD,0,21,0.09251101321585903,0.2222222222222222,8
10,64.7,Equipe 2,CTDE-CAC,1,28,0.1044776119402985,0.4444444444444444,8
10,64.7,Equipe 3,CTDE-Comm,1,26,0.13,0.3333333333333333,8
10,64.8,Equipe 1,CTDE-VD,0,21,0.09251101321585903,0.2222222222222222,8
10,64.8,Equipe 2,CTDE-CAC,1,28,0.1044776119402985,0.4444444444444444,8
10,64.8,Equipe 3,CTDE-Comm,1,26,0.13,0.3333333333333333,8
10,64.9,Equipe 1,CTDE-VD,0,21,0.09251101321585903,0.2222222222222222,8
10,64.9,Equipe 2,CTDE-CAC,1,28,0.1044776119402985,0.4444444444444444,8
10,64.9,Equipe 3,CTDE-Comm,1,26,0.13,0.3333333333333333,8
10,65.0,Equipe 1,CTDE-VD,0,21,0.09251101321585903,0.2222222222222222,8
10,65.0,Equipe 2,CTDE-CAC,1,28,0.1044776119402985,0.4444444444444444,8
10,65.0,Equipe 3,CTDE-Comm,1,26,0.13,0.3333333333333333,8
10,65.1,Equipe 1,CTDE-VD,0,21,0.09251101321585903,0.2222222222222222,8
10,65.1,Equipe 2,CTDE-CAC,1,28,0.1044776119402985,0.4444444444444444,8
10,65.1,Equipe 3,CTDE-Comm,1,26,0.13,0.3333333333333333,8
10,65.2,Equipe 1,CTDE-VD,0,21,0.09251101321585903,0.2222222222222222,8
10,65.2,Equipe 2,CTDE-CAC,1,28,0.1044776119402985,0.4444444444444444,8
10,65.2,Equipe 3,CTDE-Comm,1,26,0.13,0.3333333333333333,8
10,65.3,Equipe 1,CTDE-VD,0,21,0.09251101321585903,0.2222222222222222,8
10,65.3,Equipe 2,CTDE-CAC,1,28,0.1044776119402985,0.4444444444444444,8
10,65.3,Equipe 3,CTDE-Comm,1,26,0.13,0.3333333333333333,8
10,65.4,Equipe 1,CTDE-VD,0,21,0.09251101321585903,0.2222222222222222,8
10,65.4,Equipe 2,CTDE-CAC,1,28,0.1044776119402985,0.4444444444444444,8
10,65.4,Equipe 3,CTDE-Comm,1,26,0.13,0.3333333333333333,8
10,65.5,Equipe 1,CTDE-VD,0,21,0.09251101321585903,0.2222222222222222,8
10,65.5,Equipe 2,CTDE-CAC,1,28,0.1044776119402985,0.4444444444444444,8
10,65.5,Equipe 3,CTDE-Comm,1,26,0.13,0.3333333333333333,8
10,65.6,Equipe 1,CTDE-VD,0,21,0.09251101321585903,0.2222222222222222,8
10,65.6,Equipe 2,CTDE-CAC,1,28,0.1044776119402985,0.4444444444444444,8
10,65.6,Equipe 3,CTDE-Comm,1,26,0.13,0.3333333333333333,8
10,65.7,Equipe 1,CTDE-VD,0,21,0.09251101321585903,0.2222222222222222,8
10,65.7,Equipe 2,CTDE-CAC,1,28,0.1044776119402985,0.4444444444444444,8
10,65.7,Equipe 3,CTDE-Comm,1,26,0.13,0.3333333333333333,8
10,65.8,Equipe 1,CTDE-VD,0,21,0.09251101321585903,0.2222222222222222,8
10,65.8,Equipe 2,CTDE-CAC,1,28,0.1044776119402985,0.4444444444444444,8
10,65.8,Equipe 3,CTDE-Comm,1,26,0.13,0.3333333333333333,8
10,65.9,Equipe 1,CTDE-VD,0,21,0.09251101321585903,0.2222222222222222,8
10,65.9,Equipe 2,CTDE-CAC,1,28,0.1044776119402985,0.4444444444444444,8
10,65.9,Equipe 3,CTDE-Comm,1,26,0.13,0.3333333333333333,8
10,66.0,Equipe 1,CTDE-VD,0,21,0.09251101321585903,0.2222222222222222,8
10,66.0,Equipe 2,CTDE-CAC,1,28,0.1044776119402985,0.4444444444444444,8
10,66.0,Equipe 3,CTDE-Comm,1,26,0.13,0.3333333333333333,8
10,66.1,Equipe 1,CTDE-VD,0,21,0.09251101321585903,0.2222222222222222,8
10,66.1,Equipe 2,CTDE-CAC,1,28,0.1044776119402985,0.4444444444444444,8
10,66.1,Equipe 3,CTDE-Comm,1,26,0.13,0.3333333333333333,8
10,66.2,Equipe 1,CTDE-VD,0,21,0.09251101321585903,0.2222222222222222,8
10,66.2,Equipe 2,CTDE-CAC,1,28,0.1044776119402985,0.4444444444444444,8
10,66.2,Equipe 3,CTDE-Comm,1,26,0.13,0.3333333333333333,8
10,66.3,Equipe 1,CTDE-VD,0,21,0.09251101321585903,0.2222222222222222,8
10,66.3,Equipe 2,CTDE-CAC,1,28,0.1044776119402985,0.4444444444444444,8
10,66.3,Equipe 3,CTDE-Comm,1,26,0.13,0.3333333333333333,8
10,66.4,Equipe 1,CTDE-VD,0,21,0.09251101321585903,0.2222222222222222,8
10,66.4,Equipe 2,CTDE-CAC,1,28,0.1044776119402985,0.4444444444444444,8
10,66.4,Equipe 3,CTDE-Comm,1,26,0.13,0.3333333333333333,8
10,66.5,Equipe 1,CTDE-VD,0,21,0.09251101321585903,0.2222222222222222,8
10,66.5,Equipe 2,CTDE-CAC,1,28,0.1044776119402985,0.4444444444444444,8
10,66.5,Equipe 3,CTDE-Comm,1,26,0.13,0.3333333333333333,8
10,66.6,Equipe 1,CTDE-VD,0,21,0.09251101321585903,0.2222222222222222,8
10,66.6,Equipe 2,CTDE-CAC,1,28,0.1044776119402985,0.4444444444444444,8
10,66.6,Equipe 3,CTDE-Comm,1,26,0.13,0.3333333333333333,8
10,66.7,Equipe 1,CTDE-VD,0,21,0.09251101321585903,0.2222222222222222,8
10,66.7,Equipe 2,CTDE-CAC,1,28,0.1044776119402985,0.4444444444444444,8
10,66.7,Equipe 3,CTDE-Comm,1,26,0.13,0.3333333333333333,8
10,66.8,Equipe 1,CTDE-VD,0,21,0.09251101321585903,0.2222222222222222,8
10,66.8,Equipe 2,CTDE-CAC,1,28,0.1044776119402985,0.4444444444444444,8
10,66.8,Equipe 3,CTDE-Comm,1,26,0.13,0.3333333333333333,8
10,66.9,Equipe 1,CTDE-VD,0,21,0.09251101321585903,0.2222222222222222,8
10,66.9,Equipe 2,CTDE-CAC,1,28,0.1044776119402985,0.4444444444444444,8
10,66.9,Equipe 3,CTDE-Comm,1,26,0.13,0.3333333333333333,8
10,67.0,Equipe 1,CTDE-VD,0,21,0.09251101321585903,0.2222222222222222,8
10,67.0,Equipe 2,CTDE-CAC,1,28,0.1044776119402985,0.4444444444444444,8
10,67.0,Equipe 3,CTDE-Comm,1,26,0.13,0.3333333333333333,8
10,67.1,Equipe 1,CTDE-VD,0,21,0.09251101321585903,0.2222222222222222,8
10,67.1,Equipe 2,CTDE-CAC,1,28,0.1044776119402985,0.4444444444444444,8
10,67.1,Equipe 3,CTDE-Comm,1,26,0.13,0.3333333333333333,8
10,67.2,Equipe 1,CTDE-VD,0,21,0.09251101321585903,0.2222222222222222,8
10,67.2,Equipe 2,CTDE-CAC,1,28,0.1044776119402985,0.4444444444444444,8
10,67.2,Equipe 3,CTDE-Comm,1,26,0.13,0.3333333333333333,8
10,67.3,Equipe 1,CTDE-VD,0,21,0.09251101321585903,0.2222222222222222,8
10,67.3,Equipe 2,CTDE-CAC,1,28,0.1044776119402985,0.4444444444444444,8
10,67.3,Equipe 3,CTDE-Comm,1,26,0.13,0.3333333333333333,8
10,67.4,Equipe 1,CTDE-VD,0,21,0.09251101321585903,0.2222222222222222,8
10,67.4,Equipe 2,CTDE-CAC,1,28,0.1044776119402985,0.4444444444444444,8
10,67.4,Equipe 3,CTDE-Comm,1,26,0.13,0.3333333333333333,8
10,67.5,Equipe 1,CTDE-VD,0,21,0.09251101321585903,0.2222222222222222,8
10,67.5,Equipe 2,CTDE-CAC,1,28,0.1044776119402985,0.4444444444444444,8
10,67.5,Equipe 3,CTDE-Comm,1,26,0.13,0.3333333333333333,8
10,67.6,Equipe 1,CTDE-VD,0,21,0.09251101321585903,0.2222222222222222,8
10,67.6,Equipe 2,CTDE-CAC,1,28,0.1044776119402985,0.4444444444444444,8
10,67.6,Equipe 3,CTDE-Comm,1,26,0.13,0.3333333333333333,8
10,67.7,Equipe 1,CTDE-VD,0,21,0.09251101321585903,0.2222222222222222,8
10,67.7,Equipe 2,CTDE-CAC,1,28,0.1044776119402985,0.4444444444444444,8
10,67.7,Equipe 3,CTDE-Comm,1,26,0.13,0.3333333333333333,8
10,67.8,Equipe 1,CTDE-VD,0,21,0.09251101321585903,0.2222222222222222,8
10,67.8,Equipe 2,CTDE-CAC,1,28,0.1044776119402985,0.4444444444444444,8
10,67.8,Equipe 3,CTDE-Comm,1,26,0.13,0.3333333333333333,8
10,67.9,Equipe 1,CTDE-VD,0,21,0.09251101321585903,0.2222222222222222,8
10,67.9,Equipe 2,CTDE-CAC,1,28,0.1044776119402985,0.4444444444444444,8
10,67.9,Equipe 3,CTDE-Comm,1,26,0.13,0.3333333333333333,8
10,68.0,Equipe 1,CTDE-VD,0,21,0.09251101321585903,0.2222222222222222,8
10,68.0,Equipe 2,CTDE-CAC,1,28,0.1044776119402985,0.4444444444444444,8
10,68.0,Equipe 3,CTDE-Comm,1,26,0.13,0.3333333333333333,8
10,68.1,Equipe 1,CTDE-VD,0,21,0.09251101321585903,0.2222222222222222,8
10,68.1,Equipe 2,CTDE-CAC,1,28,0.1044776119402985,0.4444444444444444,8
10,68.1,Equipe 3,CTDE-Comm,1,26,0.13,0.3333333333333333,8
10,68.2,Equipe 1,CTDE-VD,0,21,0.09251101321585903,0.2222222222222222,8
10,68.2,Equipe 2,CTDE-CAC,1,28,0.1044776119402985,0.4444444444444444,8
10,68.2,Equipe 3,CTDE-Comm,1,26,0.13,0.3333333333333333,8
10,68.3,Equipe 1,CTDE-VD,0,21,0.09251101321585903,0.2222222222222222,8
10,68.3,Equipe 2,CTDE-CAC,1,28,0.1044776119402985,0.4444444444444444,8
10,68.3,Equipe 3,CTDE-Comm,1,26,0.13,0.3333333333333333,8
10,68.4,Equipe 1,CTDE-VD,0,21,0.09251101321585903,0.2222222222222222,8
10,68.4,Equipe 2,CTDE-CAC,1,28,0.1044776119402985,0.4444444444444444,8
10,68.4,Equipe 3,CTDE-Comm,1,26,0.13,0.3333333333333333,8
10,68.5,Equipe 1,CTDE-VD,0,21,0.09251101321585903,0.2222222222222222,8
10,68.5,Equipe 2,CTDE-CAC,1,28,0.1044776119402985,0.4444444444444444,8
10,68.5,Equipe 3,CTDE-Comm,1,26,0.13,0.3333333333333333,8
10,68.6,Equipe 1,CTDE-VD,0,21,0.09251101321585903,0.2222222222222222,8
10,68.6,Equipe 2,CTDE-CAC,1,28,0.1044776119402985,0.4444444444444444,8
10,68.6,Equipe 3,CTDE-Comm,1,26,0.13,0.3333333333333333,8
10,68.7,Equipe 1,CTDE-VD,0,21,0.09251101321585903,0.2222222222222222,8
10,68.7,Equipe 2,CTDE-CAC,1,28,0.1044776119402985,0.4444444444444444,8
10,68.7,Equipe 3,CTDE-Comm,1,26,0.13,0.3333333333333333,8
10,68.8,Equipe 1,CTDE-VD,0,21,0.09251101321585903,0.2222222222222222,8
10,68.8,Equipe 2,CTDE-CAC,1,28,0.1044776119402985,0.4444444444444444,8
10,68.8,Equipe 3,CTDE-Comm,1,26,0.13,0.3333333333333333,8
10,68.9,Equipe 1,CTDE-VD,0,21,0.09251101321585903,0.2222222222222222,8
10,68.9,Equipe 2,CTDE-CAC,1,28,0.1044776119402985,0.4444444444444444,8
10,68.9,Equipe 3,CTDE-Comm,1,26,0.13,0.3333333333333333,8
10,69.0,Equipe 1,CTDE-VD,0,21,0.09251101321585903,0.2222222222222222,8
10,69.0,Equipe 2,CTDE-CAC,1,28,0.1044776119402985,0.4444444444444444,8
10,69.0,Equipe 3,CTDE-Comm,1,26,0.13,0.3333333333333333,8
10,69.1,Equipe 1,CTDE-VD,0,21,0.09251101321585903,0.2222222222222222,8
10,69.1,Equipe 2,CTDE-CAC,1,28,0.1044776119402985,0.4444444444444444,8
10,69.1,Equipe 3,CTDE-Comm,1,26,0.13,0.3333333333333333,8
10,69.2,Equipe 1,CTDE-VD,0,21,0.09251101321585903,0.2222222222222222,8
10,69.2,Equipe 2,CTDE-CAC,1,28,0.1044776119402985,0.4444444444444444,8
10,69.2,Equipe 3,CTDE-Comm,1,26,0.13,0.3333333333333333,8
10,69.3,Equipe 1,CTDE-VD,0,21,0.09251101321585903,0.2222222222222222,8
10,69.3,Equipe 2,CTDE-CAC,1,28,0.1044776119402985,0.4444444444444444,8
10,69.3,Equipe 3,CTDE-Comm,1,26,0.13,0.3333333333333333,8
10,69.4,Equipe 1,CTDE-VD,0,21,0.09251101321585903,0.2222222222222222,8
10,69.4,Equipe 2,CTDE-CAC,1,28,0.1044776119402985,0.4444444444444444,8
10,69.4,Equipe 3,CTDE-Comm,1,26,0.13,0.3333333333333333,8
10,69.5,Equipe 1,CTDE-VD,0,21,0.09251101321585903,0.2222222222222222,8
10,69.5,Equipe 2,CTDE-CAC,1,28,0.1044776119402985,0.4444444444444444,8
10,69.5,Equipe 3,CTDE-Comm,1,26,0.13,0.3333333333333333,8
10,69.6,Equipe 1,CTDE-VD,0,21,0.09251101321585903,0.2222222222222222,8
10,69.6,Equipe 2,CTDE-CAC,1,28,0.1044776119402985,0.4444444444444444,8
10,69.6,Equipe 3,CTDE-Comm,1,26,0.13,0.3333333333333333,8
10,69.7,Equipe 1,CTDE-VD,0,21,0.09251101321585903,0.2222222222222222,8
10,69.7,Equipe 2,CTDE-CAC,1,28,0.1044776119402985,0.4444444444444444,8
10,69.7,Equipe 3,CTDE-Comm,1,26,0.13,0.3333333333333333,8
10,69.8,Equipe 1,CTDE-VD,0,21,0.09251101321585903,0.2222222222222222,8
10,69.8,Equipe 2,CTDE-CAC,1,28,0.1044776119402985,0.4444444444444444,8
10,69.8,Equipe 3,CTDE-Comm,1,26,0.13,0.3333333333333333,8
10,69.9,Equipe 1,CTDE-VD,0,21,0.09251101321585903,0.2222222222222222,8
10,69.9,Equipe 2,CTDE-CAC,1,28,0.1044776119402985,0.4444444444444444,8
10,69.9,Equipe 3,CTDE-Comm,1,26,0.13,0.3333333333333333,8
